Date,Delhi-petrol,Mumbai-petrol,Chennai-petrol,Kolkata-petrol,Delhi-diesel,Mumbai-diesel,Chennai-diesel,Kolkata-diesel
22/Jul/21,101.84,107.83,102.49,102.08,89.87,97.45,94.39,93.02
21/Jul/21,101.84,107.83,102.49,102.08,89.87,97.45,94.39,93.02
20/Jul/21,101.84,107.83,102.49,102.08,89.87,97.45,94.39,93.02
19/Jul/21,101.84,107.83,102.49,102.08,89.87,97.45,94.39,93.02
18/Jul/21,101.84,107.83,102.49,102.08,89.87,97.45,94.39,93.02
17/Jul/21,101.84,107.83,102.49,102.08,89.87,97.45,94.39,93.02
16/Jul/21,101.54,107.54,102.23,101.74,89.87,97.45,94.39,93.02
15/Jul/21,101.54,107.54,102.23,101.74,89.87,97.45,94.39,93.02
14/Jul/21,101.19,107.2,101.92,101.35,89.72,97.29,94.24,92.81
13/Jul/21,101.19,107.2,101.92,101.35,89.72,97.29,94.24,92.81
12/Jul/21,101.19,107.2,101.92,101.35,89.72,97.29,94.24,92.81
11/Jul/21,100.91,106.93,101.67,101.01,89.88,97.46,94.39,92.97
10/Jul/21,100.91,106.93,101.67,101.01,89.88,97.46,94.39,92.97
09/Jul/21,100.56,106.59,101.37,100.62,89.62,97.18,94.15,92.65
08/Jul/21,100.56,106.59,101.37,100.62,89.62,97.18,94.15,92.65
07/Jul/21,100.21,106.25,101.06,100.23,89.53,97.09,94.06,92.5
06/Jul/21,99.86,105.92,100.75,99.84,89.36,96.91,93.91,92.27
05/Jul/21,99.86,105.92,100.75,99.84,89.36,96.91,93.91,92.27
04/Jul/21,99.51,105.58,100.44,99.45,89.36,96.91,93.91,92.27
03/Jul/21,99.16,105.24,100.13,99.04,89.18,96.72,93.72,92.03
02/Jul/21,99.16,105.24,100.13,99.04,89.18,96.72,93.72,92.03
01/Jul/21,98.81,104.9,99.8,98.64,89.18,96.72,93.72,92.03
30/Jun/21,98.81,104.9,99.8,98.64,89.18,96.72,93.72,92.03
29/Jun/21,98.81,104.9,99.8,98.64,89.18,96.72,93.72,92.03
28/Jun/21,98.46,104.56,99.49,98.3,88.9,96.42,93.46,91.75
27/Jun/21,98.46,104.56,99.49,98.3,88.9,96.42,93.46,91.75
26/Jun/21,98.11,104.22,99.19,97.97,88.65,96.16,93.23,91.5
25/Jun/21,97.76,103.89,98.88,97.63,88.3,95.79,92.89,91.15
24/Jun/21,97.76,103.89,98.88,97.63,88.3,95.79,92.89,91.15
23/Jun/21,97.5,103.63,98.65,97.38,88.23,95.72,92.83,91.08
22/Jun/21,97.5,103.63,98.65,97.38,88.23,95.72,92.83,91.08
21/Jun/21,97.22,103.36,98.4,97.12,87.97,95.44,92.58,90.82
20/Jun/21,97.22,103.36,98.4,97.12,87.97,95.44,92.58,90.82
19/Jun/21,96.93,103.08,98.14,96.84,87.69,95.14,92.31,90.54
18/Jun/21,96.93,103.08,98.14,96.84,87.69,95.14,92.31,90.54
17/Jun/21,96.66,102.82,97.91,96.58,87.41,94.84,92.04,90.25
16/Jun/21,96.66,102.82,97.91,96.58,87.41,94.84,92.04,90.25
15/Jun/21,96.41,102.58,97.69,96.34,87.28,94.7,91.92,90.12
14/Jun/21,96.41,102.58,97.69,96.34,87.28,94.7,91.92,90.12
13/Jun/21,96.12,102.3,97.43,96.06,86.98,94.39,91.64,89.83
12/Jun/21,96.12,102.3,97.43,96.06,86.98,94.39,91.64,89.83
11/Jun/21,95.85,102.04,97.19,95.8,86.75,94.15,91.42,89.6
10/Jun/21,95.56,101.76,96.94,95.52,86.47,93.85,91.15,89.32
09/Jun/21,95.56,101.76,96.94,95.52,86.47,93.85,91.15,89.32
08/Jun/21,95.31,101.52,96.71,95.28,86.22,93.58,90.92,89.07
07/Jun/21,95.31,101.52,96.71,95.28,86.22,93.58,90.92,89.07
06/Jun/21,95.03,101.25,96.47,95.02,85.95,93.3,90.66,88.8
05/Jun/21,94.76,100.98,96.23,94.76,85.66,92.99,90.38,88.51
04/Jun/21,94.76,100.98,96.23,94.76,85.66,92.99,90.38,88.51
03/Jun/21,94.49,100.72,95.99,94.5,85.38,92.69,90.12,88.23
02/Jun/21,94.49,100.72,95.99,94.5,85.38,92.69,90.12,88.23
01/Jun/21,94.49,100.72,95.99,94.5,85.38,92.69,90.12,88.23
31/May/21,94.23,100.47,95.76,94.25,85.15,92.45,89.9,88
30/May/21,93.94,100.19,95.51,93.97,84.89,92.17,89.65,87.74
29/May/21,93.94,100.19,95.51,93.97,84.89,92.17,89.65,87.74
28/May/21,93.68,99.94,95.28,93.72,84.61,91.87,89.39,87.46
27/May/21,93.68,99.94,95.28,93.72,84.61,91.87,89.39,87.46
26/May/21,93.44,99.71,95.06,93.49,84.32,91.57,89.11,87.16
25/May/21,93.44,99.71,95.06,93.49,84.32,91.57,89.11,87.16
24/May/21,93.21,99.49,94.86,93.27,84.07,91.3,88.87,86.91
23/May/21,93.21,99.49,94.86,93.27,84.07,91.3,88.87,86.91
22/May/21,93.04,99.32,94.71,93.11,83.8,91.01,88.62,86.64
21/May/21,93.04,99.32,94.71,93.11,83.8,91.01,88.62,86.64
20/May/21,92.85,99.14,94.54,92.92,83.51,90.71,88.34,86.35
19/May/21,92.85,99.14,94.54,92.92,83.51,90.71,88.34,86.35
18/May/21,92.85,99.14,94.54,92.92,83.51,90.71,88.34,86.35
17/May/21,92.58,98.88,94.31,92.67,83.22,90.4,88.07,86.06
16/May/21,92.58,98.88,94.31,92.67,83.22,90.4,88.07,86.06
15/May/21,92.34,98.65,94.09,92.44,82.95,90.11,87.81,85.79
14/May/21,92.34,98.65,94.09,92.44,82.95,90.11,87.81,85.79
13/May/21,92.05,98.36,93.84,92.16,82.61,89.75,87.49,85.45
12/May/21,92.05,98.36,93.84,92.16,82.61,89.75,87.49,85.45
11/May/21,91.8,98.12,93.62,91.92,82.36,89.48,87.25,85.2
10/May/21,91.53,97.86,93.38,91.66,82.06,89.17,86.96,84.9
09/May/21,91.27,97.61,93.15,91.41,81.73,88.82,86.65,84.57
08/May/21,91.27,97.61,93.15,91.41,81.73,88.82,86.65,84.57
07/May/21,91.27,97.61,93.15,91.41,81.73,88.82,86.65,84.57
06/May/21,90.99,97.34,92.9,91.14,81.42,88.49,86.35,84.26
05/May/21,90.74,97.12,92.7,90.92,81.12,88.19,86.09,83.98
04/May/21,90.55,96.95,92.55,90.76,80.91,87.98,85.9,83.78
03/May/21,90.4,96.83,92.43,90.62,80.73,87.81,85.75,83.61
02/May/21,90.4,96.83,92.43,90.62,80.73,87.81,85.75,83.61
01/May/21,90.4,96.83,92.43,90.62,80.73,87.81,85.75,83.61
30/Apr/21,90.4,96.83,92.43,90.62,80.73,87.81,85.75,83.61
29/Apr/21,90.4,96.83,92.43,90.62,80.73,87.81,85.75,83.61
28/Apr/21,90.4,96.83,92.43,90.62,80.73,87.81,85.75,83.61
27/Apr/21,90.4,96.83,92.43,90.62,80.73,87.81,85.75,83.61
26/Apr/21,90.4,96.83,92.43,90.62,80.73,87.81,85.75,83.61
25/Apr/21,90.4,96.83,92.43,90.62,80.73,87.81,85.75,83.61
24/Apr/21,90.4,96.83,92.43,90.62,80.73,87.81,85.75,83.61
23/Apr/21,90.4,96.83,92.43,90.62,80.73,87.81,85.75,83.61
22/Apr/21,90.4,96.83,92.43,90.62,80.73,87.81,85.75,83.61
21/Apr/21,90.4,96.83,92.43,90.62,80.73,87.81,85.75,83.61
20/Apr/21,90.4,96.83,92.43,90.62,80.73,87.81,85.75,83.61
19/Apr/21,90.4,96.83,92.43,90.62,80.73,87.81,85.75,83.61
18/Apr/21,90.4,96.83,92.43,90.62,80.73,87.81,85.75,83.61
17/Apr/21,90.4,96.83,92.43,90.62,80.73,87.81,85.75,83.61
16/Apr/21,90.4,96.83,92.43,90.62,80.73,87.81,85.75,83.61
15/Apr/21,90.4,96.83,92.43,90.62,80.73,87.81,85.75,83.61
14/Apr/21,90.56,96.98,92.58,90.77,80.87,87.96,85.88,83.75
13/Apr/21,90.56,96.98,92.58,90.77,80.87,87.96,85.88,83.75
12/Apr/21,90.56,96.98,92.58,90.77,80.87,87.96,85.88,83.75
11/Apr/21,90.56,96.98,92.58,90.77,80.87,87.96,85.88,83.75
10/Apr/21,90.56,96.98,92.58,90.77,80.87,87.96,85.88,83.75
09/Apr/21,90.56,96.98,92.58,90.77,80.87,87.96,85.88,83.75
08/Apr/21,90.56,96.98,92.58,90.77,80.87,87.96,85.88,83.75
07/Apr/21,90.56,96.98,92.58,90.77,80.87,87.96,85.88,83.75
06/Apr/21,90.56,96.98,92.58,90.77,80.87,87.96,85.88,83.75
05/Apr/21,90.56,96.98,92.58,90.77,80.87,87.96,85.88,83.75
04/Apr/21,90.56,96.98,92.58,90.77,80.87,87.96,85.88,83.75
03/Apr/21,90.56,96.98,92.58,90.77,80.87,87.96,85.88,83.75
02/Apr/21,90.56,96.98,92.58,90.77,80.87,87.96,85.88,83.75
01/Apr/21,90.56,96.98,92.58,90.77,80.87,87.96,85.88,83.75
31/Mar/21,90.56,96.98,92.58,90.77,80.87,87.96,85.88,83.75
30/Mar/21,90.56,96.98,92.58,90.77,80.87,87.96,85.88,83.75
29/Mar/21,90.78,97.19,92.77,90.98,81.1,88.2,86.1,83.98
28/Mar/21,90.78,97.19,92.77,90.98,81.1,88.2,86.1,83.98
27/Mar/21,90.78,97.19,92.77,90.98,81.1,88.2,86.1,83.98
26/Mar/21,90.78,97.19,92.77,90.98,81.1,88.2,86.1,83.98
25/Mar/21,90.78,97.19,92.77,90.98,81.1,88.2,86.1,83.98
24/Mar/21,90.99,97.4,92.95,91.18,81.3,88.42,86.29,84.18
23/Mar/21,91.17,97.57,93.11,91.35,81.47,88.6,86.45,84.35
22/Mar/21,91.17,97.57,93.11,91.35,81.47,88.6,86.45,84.35
21/Mar/21,91.17,97.57,93.11,91.35,81.47,88.6,86.45,84.35
20/Mar/21,91.17,97.57,93.11,91.35,81.47,88.6,86.45,84.35
19/Mar/21,91.17,97.57,93.11,91.35,81.47,88.6,86.45,84.35
18/Mar/21,91.17,97.57,93.11,91.35,81.47,88.6,86.45,84.35
17/Mar/21,91.17,97.57,93.11,91.35,81.47,88.6,86.45,84.35
16/Mar/21,91.17,97.57,93.11,91.35,81.47,88.6,86.45,84.35
15/Mar/21,91.17,97.57,93.11,91.35,81.47,88.6,86.45,84.35
14/Mar/21,91.17,97.57,93.11,91.35,81.47,88.6,86.45,84.35
13/Mar/21,91.17,97.57,93.11,91.35,81.47,88.6,86.45,84.35
12/Mar/21,91.17,97.57,93.11,91.35,81.47,88.6,86.45,84.35
11/Mar/21,91.17,97.57,93.11,91.35,81.47,88.6,86.45,84.35
10/Mar/21,91.17,97.57,93.11,91.35,81.47,88.6,86.45,84.35
09/Mar/21,91.17,97.57,93.11,91.35,81.47,88.6,86.45,84.35
08/Mar/21,91.17,97.57,93.11,91.35,81.47,88.6,86.45,84.35
07/Mar/21,91.17,97.57,93.11,91.35,81.47,88.6,86.45,84.35
06/Mar/21,91.17,97.57,93.11,91.35,81.47,88.6,86.45,84.35
05/Mar/21,91.17,97.57,93.11,91.35,81.47,88.6,86.45,84.35
04/Mar/21,91.17,97.57,93.11,91.35,81.47,88.6,86.45,84.35
03/Mar/21,91.17,97.57,93.11,91.35,81.47,88.6,86.45,84.35
02/Mar/21,91.17,97.57,93.11,91.35,81.47,88.6,86.45,84.35
01/Mar/21,91.17,97.57,93.11,91.35,81.47,88.6,86.45,84.35
28/Feb/21,91.17,97.57,93.11,91.35,81.47,88.6,86.45,84.35
27/Feb/21,91.17,97.57,93.11,91.35,81.47,88.6,86.45,84.35
26/Feb/21,90.93,97.34,92.9,91.12,81.32,88.44,86.31,84.2
25/Feb/21,90.93,97.34,92.9,91.12,81.32,88.44,86.31,84.2
24/Feb/21,90.93,97.34,92.9,91.12,81.32,88.44,86.31,84.2
23/Feb/21,90.93,97.34,92.9,91.12,81.32,88.44,86.31,84.2
22/Feb/21,90.58,97,92.59,91.78,80.97,88.06,85.98,84.56
21/Feb/21,90.58,97,92.59,91.78,80.97,88.06,85.98,84.56
20/Feb/21,90.58,97,92.59,91.78,80.97,88.06,85.98,84.56
19/Feb/21,90.19,96.62,92.25,91.41,80.6,87.67,85.63,84.19
18/Feb/21,89.88,96.32,91.98,91.11,80.27,87.32,85.31,83.86
17/Feb/21,89.54,96,91.68,90.78,79.95,86.98,85.01,83.54
16/Feb/21,89.29,95.75,91.45,90.54,79.7,86.72,84.77,83.29
15/Feb/21,88.99,95.46,91.19,90.25,79.35,86.34,84.44,82.94
14/Feb/21,88.73,95.21,90.96,90.01,79.06,86.04,84.16,82.65
13/Feb/21,88.44,94.93,90.7,89.73,78.74,85.7,83.86,82.33
12/Feb/21,88.14,94.64,90.44,89.44,78.38,85.32,83.52,81.96
11/Feb/21,87.85,94.36,90.18,89.16,78.03,84.94,83.18,81.61
10/Feb/21,87.6,94.12,89.96,88.92,77.73,84.63,82.9,81.31
09/Feb/21,87.3,93.83,89.7,88.63,77.48,84.36,82.66,81.06
08/Feb/21,86.95,93.49,89.39,88.3,77.13,83.99,82.33,80.71
07/Feb/21,86.95,93.49,89.39,88.3,77.13,83.99,82.33,80.71
06/Feb/21,86.95,93.49,89.39,88.3,77.13,83.99,82.33,80.71
05/Feb/21,86.95,93.49,89.39,88.3,77.13,83.99,82.33,80.71
04/Feb/21,86.65,93.2,89.13,88.01,76.83,83.67,82.04,80.41
03/Feb/21,86.3,92.86,88.82,87.69,76.48,83.3,81.71,80.08
02/Feb/21,86.3,92.86,88.82,87.69,76.48,83.3,81.71,80.08
01/Feb/21,86.3,92.86,88.82,87.69,76.48,83.3,81.71,80.08
31/Jan/21,86.3,92.86,88.82,87.69,76.48,83.3,81.71,80.08
30/Jan/21,86.3,92.86,88.82,87.69,76.48,83.3,81.71,80.08
29/Jan/21,86.3,92.86,88.82,87.69,76.48,83.3,81.71,80.08
28/Jan/21,86.3,92.86,88.82,87.69,76.48,83.3,81.71,80.08
27/Jan/21,86.3,92.86,88.82,87.69,76.48,83.3,81.71,80.08
26/Jan/21,86.05,92.62,88.6,87.45,76.23,83.03,81.47,79.83
25/Jan/21,85.7,92.28,88.29,87.11,75.88,82.66,81.14,79.48
24/Jan/21,85.7,92.28,88.29,87.11,75.88,82.66,81.14,79.48
23/Jan/21,85.7,92.28,88.29,87.11,75.88,82.66,81.14,79.48
22/Jan/21,85.45,92.04,88.07,86.87,75.63,82.4,80.9,79.23
21/Jan/21,85.2,91.8,87.85,86.63,75.38,82.13,80.67,78.97
20/Jan/21,85.2,91.8,87.85,86.63,75.38,82.13,80.67,78.97
19/Jan/21,85.2,91.8,87.85,86.63,75.38,82.13,80.67,78.97
18/Jan/21,84.95,91.56,87.63,86.39,75.13,81.87,80.43,78.72
17/Jan/21,84.7,91.32,87.4,86.15,74.88,81.6,80.19,78.47
16/Jan/21,84.7,91.32,87.4,86.15,74.88,81.6,80.19,78.47
15/Jan/21,84.7,91.32,87.4,86.15,74.88,81.6,80.19,78.47
14/Jan/21,84.7,91.32,87.4,86.15,74.88,81.6,80.19,78.47
13/Jan/21,84.45,91.07,87.18,85.92,74.63,81.34,79.95,78.22
12/Jan/21,84.2,90.83,86.96,85.68,74.38,81.07,79.72,77.97
11/Jan/21,84.2,90.83,86.96,85.68,74.38,81.07,79.72,77.97
10/Jan/21,84.2,90.83,86.96,85.68,74.38,81.07,79.72,77.97
09/Jan/21,84.2,90.83,86.96,85.68,74.38,81.07,79.72,77.97
08/Jan/21,84.2,90.83,86.96,85.68,74.38,81.07,79.72,77.97
07/Jan/21,84.2,90.83,86.96,85.68,74.38,81.07,79.72,77.97
06/Jan/21,83.97,90.6,86.75,85.44,74.12,80.78,79.46,77.7
05/Jan/21,83.71,90.34,86.51,85.19,73.87,80.51,79.21,77.44
04/Jan/21,83.71,90.34,86.51,85.19,73.87,80.51,79.21,77.44
03/Jan/21,83.71,90.34,86.51,85.19,73.87,80.51,79.21,77.44
02/Jan/21,83.71,90.34,86.51,85.19,73.87,80.51,79.21,77.44
01/Jan/21,83.71,90.34,86.51,85.19,73.87,80.51,79.21,77.44
31/Dec/20,83.71,90.34,86.51,85.19,73.87,80.51,79.21,77.44
30/Dec/20,83.71,90.34,86.51,85.19,73.87,80.51,79.21,77.44
29/Dec/20,83.71,90.34,86.51,85.19,73.87,80.51,79.21,77.44
28/Dec/20,83.71,90.34,86.51,85.19,73.87,80.51,79.21,77.44
27/Dec/20,83.71,90.34,86.51,85.19,73.87,80.51,79.21,77.44
26/Dec/20,83.71,90.34,86.51,85.19,73.87,80.51,79.21,77.44
25/Dec/20,83.71,90.34,86.51,85.19,73.87,80.51,79.21,77.44
24/Dec/20,83.71,90.34,86.51,85.19,73.87,80.51,79.21,77.44
23/Dec/20,83.71,90.34,86.51,85.19,73.87,80.51,79.21,77.44
22/Dec/20,83.71,90.34,86.51,85.19,73.87,80.51,79.21,77.44
21/Dec/20,83.71,90.34,86.51,85.19,73.87,80.51,79.21,77.44
20/Dec/20,83.71,90.34,86.51,85.19,73.87,80.51,79.21,77.44
19/Dec/20,83.71,90.34,86.51,85.19,73.87,80.51,79.21,77.44
18/Dec/20,83.71,90.34,86.51,85.19,73.87,80.51,79.21,77.44
17/Dec/20,83.71,90.34,86.51,85.19,73.87,80.51,79.21,77.44
16/Dec/20,83.71,90.34,86.51,85.19,73.87,80.51,79.21,77.44
15/Dec/20,83.71,90.34,86.51,85.19,73.87,80.51,79.21,77.44
14/Dec/20,83.71,90.34,86.51,85.19,73.87,80.51,79.21,77.44
13/Dec/20,83.71,90.34,86.51,85.19,73.87,80.51,79.21,77.44
12/Dec/20,83.71,90.34,86.51,85.19,73.87,80.51,79.21,77.44
11/Dec/20,83.71,90.34,86.51,85.19,73.87,80.51,79.21,77.44
10/Dec/20,83.71,90.34,86.51,85.19,73.87,80.51,79.21,77.44
09/Dec/20,83.71,90.34,86.51,85.19,73.87,80.51,79.21,77.44
08/Dec/20,83.71,90.34,86.51,85.19,73.87,80.51,79.21,77.44
07/Dec/20,83.71,90.34,86.51,85.19,73.87,80.51,79.21,77.44
06/Dec/20,83.41,90.05,86.25,84.9,73.61,80.23,78.97,77.18
05/Dec/20,83.13,89.78,86,84.63,73.32,79.93,78.69,76.89
04/Dec/20,82.86,89.52,85.76,84.37,73.07,79.66,78.45,76.64
03/Dec/20,82.66,89.33,85.59,84.18,72.84,79.42,78.24,76.41
02/Dec/20,82.49,89.16,85.44,84.02,72.65,79.22,78.06,76.22
01/Dec/20,82.34,89.02,85.31,83.87,72.42,78.97,77.84,75.99
30/Nov/20,82.34,89.02,85.31,83.87,72.42,78.97,77.84,75.99
29/Nov/20,82.34,89.02,85.31,83.87,72.42,78.97,77.84,75.99
28/Nov/20,82.13,88.81,85.12,83.67,72.13,78.66,77.56,75.7
27/Nov/20,81.89,88.58,84.91,83.44,71.86,78.38,77.3,75.43
26/Nov/20,81.7,88.4,84.74,83.26,71.62,78.12,77.08,75.19
25/Nov/20,81.59,88.29,84.64,83.15,71.41,77.9,76.88,74.98
24/Nov/20,81.59,88.29,84.64,83.15,71.41,77.9,76.88,74.98
23/Nov/20,81.53,88.23,84.59,83.1,71.25,77.73,76.72,74.82
22/Nov/20,81.46,88.16,84.53,83.03,71.07,77.54,76.55,74.64
21/Nov/20,81.38,88.09,84.46,82.95,70.88,77.34,76.37,74.45
20/Nov/20,81.23,87.92,84.31,82.79,70.68,77.11,76.17,74.24
19/Nov/20,81.06,87.74,84.14,82.59,70.46,76.86,75.95,73.99
18/Nov/20,81.06,87.74,84.14,82.59,70.46,76.86,75.95,73.99
17/Nov/20,81.06,87.74,84.14,82.59,70.46,76.86,75.95,73.99
16/Nov/20,81.06,87.74,84.14,82.59,70.46,76.86,75.95,73.99
15/Nov/20,81.06,87.74,84.14,82.59,70.46,76.86,75.95,73.99
14/Nov/20,81.06,87.74,84.14,82.59,70.46,76.86,75.95,73.99
13/Nov/20,81.06,87.74,84.14,82.59,70.46,76.86,75.95,73.99
12/Nov/20,81.06,87.74,84.14,82.59,70.46,76.86,75.95,73.99
11/Nov/20,81.06,87.74,84.14,82.59,70.46,76.86,75.95,73.99
10/Nov/20,81.06,87.74,84.14,82.59,70.46,76.86,75.95,73.99
09/Nov/20,81.06,87.74,84.14,82.59,70.46,76.86,75.95,73.99
08/Nov/20,81.06,87.74,84.14,82.59,70.46,76.86,75.95,73.99
07/Nov/20,81.06,87.74,84.14,82.59,70.46,76.86,75.95,73.99
06/Nov/20,81.06,87.74,84.14,82.59,70.46,76.86,75.95,73.99
05/Nov/20,81.06,87.74,84.14,82.59,70.46,76.86,75.95,73.99
04/Nov/20,81.06,87.74,84.14,82.59,70.46,76.86,75.95,73.99
03/Nov/20,81.06,87.74,84.14,82.59,70.46,76.86,75.95,73.99
02/Nov/20,81.06,87.74,84.14,82.59,70.46,76.86,75.95,73.99
01/Nov/20,81.06,87.74,84.14,82.59,70.46,76.86,75.95,73.99
31/Oct/20,81.06,87.74,84.14,82.59,70.46,76.86,75.95,73.99
30/Oct/20,81.06,87.74,84.14,82.59,70.46,76.86,75.95,73.99
29/Oct/20,81.06,87.74,84.14,82.59,70.46,76.86,75.95,73.99
28/Oct/20,81.06,87.74,84.14,82.59,70.46,76.86,75.95,73.99
27/Oct/20,81.06,87.74,84.14,82.59,70.46,76.86,75.95,73.99
26/Oct/20,81.06,87.74,84.14,82.59,70.46,76.86,75.95,73.99
25/Oct/20,81.06,87.74,84.14,82.59,70.46,76.86,75.95,73.99
24/Oct/20,81.06,87.74,84.14,82.59,70.46,76.86,75.95,73.99
23/Oct/20,81.06,87.74,84.14,82.59,70.46,76.86,75.95,73.99
22/Oct/20,81.06,87.74,84.14,82.59,70.46,76.86,75.95,73.99
21/Oct/20,81.06,87.74,84.14,82.59,70.46,76.86,75.95,73.99
20/Oct/20,81.06,87.74,84.14,82.59,70.46,76.86,75.95,73.99
19/Oct/20,81.06,87.74,84.14,82.59,70.46,76.86,75.95,73.99
18/Oct/20,81.06,87.74,84.14,82.59,70.46,76.86,75.95,73.99
17/Oct/20,81.06,87.74,84.14,82.59,70.46,76.86,75.95,73.99
16/Oct/20,81.06,87.74,84.14,82.59,70.46,76.86,75.95,73.99
15/Oct/20,81.06,87.74,84.14,82.59,70.46,76.86,75.95,73.99
14/Oct/20,81.06,87.74,84.14,82.59,70.46,76.86,75.95,73.99
13/Oct/20,81.06,87.74,84.14,82.59,70.46,76.86,75.95,73.99
12/Oct/20,81.06,87.74,84.14,82.59,70.46,76.86,75.95,73.99
11/Oct/20,81.06,87.74,84.14,82.59,70.46,76.86,75.95,73.99
10/Oct/20,81.06,87.74,84.14,82.59,70.46,76.86,75.95,73.99
09/Oct/20,81.06,87.74,84.14,82.59,70.46,76.86,75.95,73.99
08/Oct/20,81.06,87.74,84.14,82.59,70.46,76.86,75.95,73.99
07/Oct/20,81.06,87.74,84.14,82.59,70.46,76.86,75.95,73.99
06/Oct/20,81.06,87.74,84.14,82.59,70.46,76.86,75.95,73.99
05/Oct/20,81.06,87.74,84.14,82.59,70.46,76.86,75.95,73.99
04/Oct/20,81.06,87.74,84.14,82.59,70.46,76.86,75.95,73.99
03/Oct/20,81.06,87.74,84.14,82.59,70.46,76.86,75.95,73.99
02/Oct/20,81.06,87.74,84.14,82.59,70.46,76.86,75.95,73.99
01/Oct/20,81.06,87.74,84.14,82.59,70.53,76.93,76.01,74.05
30/Sep/20,81.06,87.74,84.14,82.59,70.63,77.04,76.1,74.15
29/Sep/20,81.06,87.74,84.14,82.59,70.63,77.04,76.1,74.15
28/Sep/20,81.06,87.74,84.14,82.59,70.71,77.12,76.18,74.23
27/Sep/20,81.06,87.74,84.14,82.59,70.8,77.22,76.27,74.32
26/Sep/20,81.06,87.74,84.14,82.59,70.94,77.36,76.4,74.46
25/Sep/20,81.06,87.74,84.14,82.59,71.1,77.53,76.55,74.62
24/Sep/20,81.06,87.74,84.14,82.59,71.28,77.73,76.72,74.8
23/Sep/20,81.06,87.74,84.14,82.59,71.28,77.73,76.72,74.8
22/Sep/20,81.06,87.74,84.14,82.59,71.28,77.73,76.72,74.8
21/Sep/20,81.14,87.82,84.21,82.67,71.43,77.87,76.85,74.94
20/Sep/20,81.14,87.82,84.21,82.67,71.58,78.02,76.99,75.09
19/Sep/20,81.14,87.82,84.21,82.67,71.82,78.27,77.21,75.32
18/Sep/20,81.14,87.82,84.21,82.67,72.02,78.48,77.4,75.52
17/Sep/20,81.4,88.07,84.44,82.92,72.37,78.85,77.73,75.87
16/Sep/20,81.55,88.21,84.57,83.06,72.56,79.05,77.91,76.06
15/Sep/20,81.55,88.21,84.57,83.06,72.56,79.05,77.91,76.06
14/Sep/20,81.72,88.38,84.72,83.23,72.78,79.29,78.12,76.28
13/Sep/20,81.86,88.51,84.85,83.36,72.93,79.45,78.26,76.43
12/Sep/20,81.86,88.51,84.85,83.36,72.93,79.45,78.26,76.43
11/Sep/20,81.99,88.64,84.96,83.49,73.05,79.57,78.38,76.55
10/Sep/20,81.99,88.64,84.96,83.49,73.05,79.57,78.38,76.55
09/Sep/20,82.08,88.73,85.04,83.57,73.16,79.69,78.48,76.66
08/Sep/20,82.08,88.73,85.04,83.57,73.16,79.69,78.48,76.66
07/Sep/20,82.08,88.73,85.04,83.57,73.16,79.69,78.48,76.66
06/Sep/20,82.08,88.73,85.04,83.57,73.27,79.81,78.58,76.77
05/Sep/20,82.08,88.73,85.04,83.57,73.27,79.81,78.58,76.77
04/Sep/20,82.08,88.73,85.04,83.57,73.4,79.94,78.71,76.9
03/Sep/20,82.08,88.73,85.04,83.57,73.4,79.94,78.71,76.9
02/Sep/20,82.08,88.73,85.04,83.57,73.56,80.11,78.86,77.06
01/Sep/20,82.08,88.73,85.04,83.57,73.56,80.11,78.86,77.06
31/Aug/20,82.03,88.68,85,83.52,73.56,80.11,78.86,77.06
30/Aug/20,82.03,88.68,85,83.52,73.56,80.11,78.86,77.06
29/Aug/20,81.94,88.58,84.91,83.43,73.56,80.11,78.86,77.06
28/Aug/20,81.94,88.58,84.91,83.43,73.56,80.11,78.86,77.06
27/Aug/20,81.83,88.48,84.82,83.33,73.56,80.11,78.86,77.06
26/Aug/20,81.73,88.39,84.73,83.24,73.56,80.11,78.86,77.06
25/Aug/20,81.73,88.39,84.73,83.24,73.56,80.11,78.86,77.06
24/Aug/20,81.62,88.28,84.64,83.13,73.56,80.11,78.86,77.06
23/Aug/20,81.49,88.16,84.52,83.01,73.56,80.11,78.86,77.06
22/Aug/20,81.35,88.02,84.4,82.87,73.56,80.11,78.86,77.06
21/Aug/20,81.19,87.87,84.26,82.72,73.56,80.11,78.86,77.06
20/Aug/20,81,87.68,84.09,82.53,73.56,80.11,78.86,77.06
19/Aug/20,80.9,87.58,83.99,82.43,73.56,80.11,78.86,77.06
18/Aug/20,80.9,87.58,83.99,82.43,73.56,80.11,78.86,77.06
17/Aug/20,80.73,87.45,83.87,82.3,73.56,80.11,78.86,77.06
16/Aug/20,80.57,87.31,83.75,82.17,73.56,80.11,78.86,77.06
15/Aug/20,80.43,87.19,83.63,82.05,73.56,80.11,78.86,77.06
14/Aug/20,80.43,87.19,83.63,82.05,73.56,80.11,78.86,77.06
13/Aug/20,80.43,87.19,83.63,82.05,73.56,80.11,78.86,77.06
12/Aug/20,80.43,87.19,83.63,82.05,73.56,80.11,78.86,77.06
11/Aug/20,80.43,87.19,83.63,82.05,73.56,80.11,78.86,77.06
10/Aug/20,80.43,87.19,83.63,82.05,73.56,80.11,78.86,77.06
09/Aug/20,80.43,87.19,83.63,82.05,73.56,80.11,78.86,77.06
08/Aug/20,80.43,87.19,83.63,82.05,73.56,80.11,78.86,77.06
07/Aug/20,80.43,87.19,83.63,82.05,73.56,80.11,78.86,77.06
06/Aug/20,80.43,87.19,83.63,82.05,73.56,80.11,78.86,77.06
05/Aug/20,80.43,87.19,83.63,82.05,73.56,80.11,78.86,77.06
04/Aug/20,80.43,87.19,83.63,82.05,73.56,80.11,78.86,77.06
03/Aug/20,80.43,87.19,83.63,82.05,73.56,80.11,78.86,77.06
02/Aug/20,80.43,87.19,83.63,82.05,73.56,80.11,78.86,77.06
01/Aug/20,80.43,87.19,83.63,82.05,73.56,80.11,78.86,77.06
31/Jul/20,80.43,87.19,83.63,82.1,73.56,80.11,78.86,77.04
30/Jul/20,80.43,87.19,83.63,82.1,81.94,80.11,78.86,77.04
29/Jul/20,80.43,87.19,83.63,82.1,81.94,80.11,78.86,77.04
28/Jul/20,80.43,87.19,83.63,82.1,81.94,80.11,78.86,77.04
27/Jul/20,80.43,87.19,83.63,82.1,81.94,80.11,78.86,77.04
26/Jul/20,80.43,87.19,83.63,82.1,81.94,80.11,78.86,77.04
25/Jul/20,80.43,87.19,83.63,82.1,81.79,79.97,78.73,76.91
24/Jul/20,80.43,87.19,83.63,82.1,81.64,79.83,78.6,76.77
23/Jul/20,80.43,87.19,83.63,82.1,81.64,79.83,78.6,76.77
22/Jul/20,80.43,87.19,83.63,82.1,81.64,79.83,78.6,76.77
21/Jul/20,80.43,87.19,83.63,82.1,81.64,79.83,78.6,76.77
20/Jul/20,80.43,87.19,83.63,82.1,81.64,79.83,78.6,76.77
19/Jul/20,80.43,87.19,83.63,82.1,81.52,79.71,78.5,76.67
18/Jul/20,80.43,87.19,83.63,82.1,81.52,79.71,78.5,76.67
17/Jul/20,80.43,87.19,83.63,82.1,81.35,79.56,78.37,76.49
16/Jul/20,80.43,87.19,83.63,82.1,81.18,79.4,78.22,76.33
15/Jul/20,80.43,87.19,83.63,82.1,81.18,79.4,78.22,76.33
14/Jul/20,80.43,87.19,83.63,82.1,81.05,79.27,78.11,76.17
13/Jul/20,80.43,87.19,83.63,82.1,81.05,79.27,78.11,76.17
12/Jul/20,80.43,87.19,83.63,82.1,80.94,79.17,78.01,76.05
11/Jul/20,80.43,87.19,83.63,82.1,80.78,79.05,77.91,75.89
10/Jul/20,80.43,87.19,83.63,82.1,80.78,79.05,77.91,75.89
09/Jul/20,80.43,87.19,83.63,82.1,80.78,79.05,77.91,75.89
08/Jul/20,80.43,87.19,83.63,82.1,80.78,79.05,77.91,75.89
07/Jul/20,80.43,87.19,83.63,82.1,80.78,79.05,77.91,75.89
06/Jul/20,80.43,87.19,83.63,82.1,80.53,78.83,77.72,75.64
05/Jul/20,80.43,87.19,83.63,82.1,80.53,78.83,77.72,75.64
04/Jul/20,80.43,87.19,83.63,82.1,80.53,78.83,77.72,75.64
03/Jul/20,80.43,87.19,83.63,82.1,80.53,78.83,77.72,75.64
02/Jul/20,80.43,87.19,83.63,82.1,80.53,78.83,77.72,75.64
01/Jul/20,80.43,87.19,83.63,82.1,80.53,78.83,77.72,75.64
30/Jun/20,80.43,87.19,83.63,82.1,80.53,78.83,77.72,75.64
29/Jun/20,80.43,87.19,83.63,82.1,80.53,78.83,77.72,75.64
28/Jun/20,80.38,87.14,83.59,82.05,80.4,78.71,77.61,75.52
27/Jun/20,80.38,87.14,83.59,82.05,80.4,78.71,77.61,75.52
26/Jun/20,80.13,86.91,83.37,81.82,80.19,78.51,77.44,75.34
25/Jun/20,79.92,86.7,83.18,81.61,80.02,78.34,77.29,75.18
24/Jun/20,79.76,86.54,83.04,81.45,79.88,78.22,77.17,75.06
23/Jun/20,79.76,86.54,83.04,81.45,79.4,77.76,76.77,74.63
22/Jun/20,79.56,86.36,82.87,81.27,78.85,77.24,76.3,74.14
21/Jun/20,79.23,86.04,82.58,80.95,78.27,76.69,75.8,73.61
20/Jun/20,78.88,85.7,82.27,80.62,77.67,76.11,75.29,73.07
19/Jun/20,78.37,85.21,81.82,80.13,77.06,75.53,74.77,72.53
18/Jun/20,77.81,84.66,81.32,79.59,76.43,74.93,74.23,71.96
17/Jun/20,77.28,84.15,80.86,79.08,75.79,74.32,73.69,71.38
16/Jun/20,76.73,83.62,80.37,78.55,75.19,73.75,73.17,70.84
15/Jun/20,76.26,83.17,79.96,78.1,74.62,73.21,72.69,70.33
14/Jun/20,75.78,82.7,79.53,77.64,74.03,72.64,72.18,69.8
13/Jun/20,75.16,82.1,78.99,77.05,73.39,72.03,71.64,69.23
12/Jun/20,74.57,81.53,78.47,76.48,72.81,71.48,71.14,68.7
11/Jun/20,74,80.98,77.96,75.94,72.22,70.92,70.64,68.17
10/Jun/20,73.4,80.4,77.43,75.36,71.62,70.35,70.13,67.63
09/Jun/20,73,80.01,77.08,74.98,71.17,69.92,69.74,67.23
08/Jun/20,72.46,79.49,76.6,74.46,70.59,69.37,69.25,66.71
07/Jun/20,71.86,78.91,76.07,73.89,69.99,68.79,68.74,66.17
06/Jun/20,71.26,78.32,75.54,73.3,69.39,68.21,68.22,65.62
05/Jun/20,71.26,78.32,75.54,73.3,69.39,68.21,68.22,65.62
04/Jun/20,71.26,78.32,75.54,73.3,69.39,68.21,68.22,65.62
03/Jun/20,71.26,78.32,75.54,73.3,69.39,68.21,68.22,65.62
02/Jun/20,71.26,78.32,75.54,73.3,69.39,68.21,68.22,65.62
01/Jun/20,71.26,78.32,75.54,73.3,69.39,68.21,68.22,65.62
31/May/20,71.26,76.31,75.54,73.3,69.39,66.21,68.22,65.62
30/May/20,71.26,76.31,75.54,73.3,69.39,66.21,68.22,65.62
29/May/20,71.26,76.31,75.54,73.3,69.39,66.21,68.22,65.62
28/May/20,71.26,76.31,75.54,73.3,69.39,66.21,68.22,65.62
27/May/20,71.26,76.31,75.54,73.3,69.39,66.21,68.22,65.62
26/May/20,71.26,76.31,75.54,73.3,69.39,66.21,68.22,65.62
25/May/20,71.26,76.31,75.54,73.3,69.39,66.21,68.22,65.62
24/May/20,71.26,76.31,75.54,73.3,69.39,66.21,68.22,65.62
23/May/20,71.26,76.31,75.54,73.3,69.39,66.21,68.22,65.62
22/May/20,71.26,76.31,75.54,73.3,69.39,66.21,68.22,65.62
21/May/20,71.26,76.31,75.54,73.3,69.39,66.21,68.22,65.62
20/May/20,71.26,76.31,75.54,73.3,69.39,66.21,68.22,65.62
19/May/20,71.26,76.31,75.54,73.3,69.39,66.21,68.22,65.62
18/May/20,71.26,76.31,75.54,73.3,69.39,66.21,68.22,65.62
17/May/20,71.26,76.31,75.54,73.3,69.39,66.21,68.22,65.62
16/May/20,71.26,76.31,75.54,73.3,69.39,66.21,68.22,65.62
15/May/20,71.26,76.31,75.54,73.3,69.39,66.21,68.22,65.62
14/May/20,71.26,76.31,75.54,73.3,69.39,66.21,68.22,65.62
13/May/20,71.26,76.31,75.54,73.3,69.39,66.21,68.22,65.62
12/May/20,71.26,76.31,75.54,73.3,69.39,66.21,68.22,65.62
11/May/20,71.26,76.31,75.54,73.3,69.39,66.21,68.22,65.62
10/May/20,71.26,76.31,75.54,73.3,69.39,66.21,68.22,65.62
09/May/20,71.26,76.31,75.54,73.3,69.39,66.21,68.22,65.62
08/May/20,71.26,76.31,75.54,73.3,69.39,66.21,68.22,65.62
07/May/20,71.26,76.31,75.54,73.3,69.39,66.21,68.22,65.62
06/May/20,71.26,76.31,75.54,73.3,69.39,66.21,68.22,65.62
05/May/20,71.26,76.31,75.54,73.3,69.39,66.21,68.22,65.62
04/May/20,69.59,76.31,75.54,73.3,62.29,66.21,68.22,65.62
03/May/20,69.59,76.31,72.28,73.3,62.29,66.21,65.71,65.62
02/May/20,69.59,76.31,72.28,73.3,62.29,66.21,65.71,65.62
01/May/20,69.59,76.31,72.28,73.3,62.29,66.21,65.71,65.62
30/Apr/20,69.59,76.31,72.28,73.3,62.29,66.21,65.71,65.62
29/Apr/20,69.59,76.31,72.28,73.3,62.29,66.21,65.71,65.62
28/Apr/20,69.59,76.31,72.28,73.3,62.29,66.21,65.71,65.62
27/Apr/20,69.59,76.31,72.28,73.3,62.29,66.21,65.71,65.62
26/Apr/20,69.59,76.31,72.28,73.3,62.29,66.21,65.71,65.62
25/Apr/20,69.59,76.31,72.28,73.3,62.29,66.21,65.71,65.62
24/Apr/20,69.59,76.31,72.28,73.3,62.29,66.21,65.71,65.62
23/Apr/20,69.59,76.31,72.28,73.3,62.29,66.21,65.71,65.62
22/Apr/20,69.59,76.31,72.28,73.3,62.29,66.21,65.71,65.62
21/Apr/20,69.59,76.31,72.28,73.3,62.29,66.21,65.71,65.62
20/Apr/20,69.59,76.31,72.28,73.3,62.29,66.21,65.71,65.62
19/Apr/20,69.59,76.31,72.28,73.3,62.29,66.21,65.71,65.62
18/Apr/20,69.59,76.31,72.28,73.3,62.29,66.21,65.71,65.62
17/Apr/20,69.59,76.31,72.28,73.3,62.29,66.21,65.71,65.62
16/Apr/20,69.59,76.31,72.28,73.3,62.29,66.21,65.71,65.62
15/Apr/20,69.59,76.31,72.28,73.3,62.29,66.21,65.71,65.62
14/Apr/20,69.59,76.31,72.28,73.3,62.29,66.21,65.71,65.62
13/Apr/20,69.59,76.31,72.28,73.3,62.29,66.21,65.71,65.62
12/Apr/20,69.59,76.31,72.28,73.3,62.29,66.21,65.71,65.62
11/Apr/20,69.59,76.31,72.28,73.3,62.29,66.21,65.71,65.62
10/Apr/20,69.59,76.31,72.28,73.3,62.29,66.21,65.71,65.62
09/Apr/20,69.59,76.31,72.28,73.3,62.29,66.21,65.71,65.62
08/Apr/20,69.59,76.31,72.28,73.3,62.29,66.21,65.71,65.62
07/Apr/20,69.59,76.31,72.28,73.3,62.29,66.21,65.71,65.62
06/Apr/20,69.59,76.31,72.28,73.3,62.29,66.21,65.71,65.62
05/Apr/20,69.59,76.31,72.28,73.3,62.29,66.21,65.71,65.62
04/Apr/20,69.59,76.31,72.28,73.3,62.29,66.21,65.71,65.62
03/Apr/20,69.59,76.31,72.28,73.3,62.29,66.21,65.71,65.62
02/Apr/20,69.59,76.31,72.28,73.3,62.29,66.21,65.71,65.62
01/Apr/20,69.59,76.31,72.28,73.3,62.29,66.21,65.71,65.62
31/Mar/20,69.59,75.3,72.28,72.29,62.29,65.21,65.71,64.62
30/Mar/20,69.59,75.3,72.28,72.29,62.29,65.21,65.71,64.62
29/Mar/20,69.59,75.3,72.28,72.29,62.29,65.21,65.71,64.62
28/Mar/20,69.59,75.3,72.28,72.29,62.29,65.21,65.71,64.62
27/Mar/20,69.59,75.3,72.28,72.29,62.29,65.21,65.71,64.62
26/Mar/20,69.59,75.3,72.28,72.29,62.29,65.21,65.71,64.62
25/Mar/20,69.59,75.3,72.28,72.29,62.29,65.21,65.71,64.62
24/Mar/20,69.59,75.3,72.28,72.29,62.29,65.21,65.71,64.62
23/Mar/20,69.59,75.3,72.28,72.29,62.29,65.21,65.71,64.62
22/Mar/20,69.59,75.3,72.28,72.29,62.29,65.21,65.71,64.62
21/Mar/20,69.59,75.3,72.28,72.29,62.29,65.21,65.71,64.62
20/Mar/20,69.59,75.3,72.28,72.29,62.29,65.21,65.71,64.62
19/Mar/20,69.59,75.3,72.28,72.29,62.29,65.21,65.71,64.62
18/Mar/20,69.59,75.3,72.28,72.29,62.29,65.21,65.71,64.62
17/Mar/20,69.59,75.3,72.28,72.29,62.29,65.21,65.71,64.62
16/Mar/20,69.59,75.3,72.28,72.29,62.29,65.21,65.71,64.62
15/Mar/20,69.75,75.46,72.45,72.45,62.44,65.37,65.87,64.77
14/Mar/20,69.87,75.57,72.57,72.57,62.58,65.51,66.02,64.91
13/Mar/20,70,75.7,72.71,72.7,62.74,65.68,66.19,65.07
12/Mar/20,70.14,75.84,72.86,72.83,62.89,65.84,66.35,65.22
11/Mar/20,70.29,75.99,73.02,72.98,63.01,65.97,66.48,65.34
10/Mar/20,70.29,75.99,73.02,72.98,63.01,65.97,66.48,65.34
09/Mar/20,70.59,76.29,73.33,73.28,63.26,66.24,66.75,65.59
08/Mar/20,70.83,76.53,73.58,73.51,63.51,66.5,67.01,65.84
07/Mar/20,71.02,76.71,73.78,73.7,63.69,66.69,67.21,66.02
06/Mar/20,71.14,76.83,73.91,73.82,63.81,66.82,67.34,66.14
05/Mar/20,71.29,76.98,74.07,73.96,63.94,66.96,67.47,66.27
04/Mar/20,71.44,77.13,74.23,74.11,64.03,67.05,67.57,66.36
03/Mar/20,71.44,77.13,74.23,74.11,64.03,67.05,67.57,66.36
02/Mar/20,71.49,77.18,74.28,74.16,64.1,67.13,67.65,66.43
01/Mar/20,71.71,77.4,74.51,74.38,64.3,67.34,67.86,66.63
29/Feb/20,71.89,77.56,74.68,74.53,64.51,67.6,68.12,66.83
28/Feb/20,71.96,77.62,74.75,74.6,64.6,67.69,68.21,66.92
27/Feb/20,71.96,77.62,74.75,74.6,64.65,67.75,68.27,66.97
26/Feb/20,72.01,77.67,74.81,74.65,64.7,67.8,68.32,67.02
25/Feb/20,72.01,77.67,74.81,74.65,64.7,67.8,68.32,67.02
24/Feb/20,72.01,77.67,74.81,74.65,64.7,67.8,68.32,67.02
23/Feb/20,72.01,77.67,74.81,74.65,64.7,67.8,68.32,67.02
22/Feb/20,71.94,77.6,74.73,74.58,64.65,67.75,68.27,66.97
21/Feb/20,71.89,77.56,74.68,74.53,64.65,67.75,68.27,66.97
20/Feb/20,71.89,77.56,74.68,74.53,64.65,67.75,68.27,66.97
19/Feb/20,71.89,77.56,74.68,74.53,64.65,67.75,68.27,66.97
18/Feb/20,71.89,77.56,74.68,74.53,64.65,67.75,68.27,66.97
17/Feb/20,71.94,77.6,74.73,74.58,64.7,67.8,68.32,67.02
16/Feb/20,71.94,77.6,74.73,74.58,64.7,67.8,68.32,67.02
15/Feb/20,71.94,77.6,74.73,74.58,64.77,67.87,68.4,67.09
14/Feb/20,71.94,77.6,74.73,74.58,64.77,67.87,68.4,67.09
13/Feb/20,71.94,77.6,74.73,74.58,64.82,67.93,68.45,67.14
12/Feb/20,71.94,77.6,74.73,74.58,64.87,67.98,68.5,67.19
11/Feb/20,71.94,77.6,74.73,74.58,64.87,67.98,68.5,67.19
10/Feb/20,72.1,77.76,74.9,74.74,65.07,68.19,68.72,67.39
09/Feb/20,72.23,77.89,75.04,74.92,65.23,68.36,68.89,67.59
08/Feb/20,72.45,78.11,75.27,75.13,65.43,68.57,69.1,67.79
07/Feb/20,72.68,78.34,75.51,75.36,65.68,68.84,69.37,68.04
06/Feb/20,72.89,78.55,75.73,75.57,65.92,69.09,69.63,68.29
05/Feb/20,72.98,78.63,75.83,75.65,66.04,69.22,69.76,68.41
04/Feb/20,72.98,78.63,75.83,75.65,66.04,69.22,69.76,68.41
03/Feb/20,73.04,78.69,75.89,75.71,66.09,69.27,69.81,68.46
02/Feb/20,73.1,78.75,75.95,75.77,66.14,69.36,69.89,68.54
01/Feb/20,73.19,78.83,76.03,75.85,66.22,69.42,69.96,68.59
31/Jan/20,73.27,78.88,76.09,75.9,66.28,69.47,70.01,68.64
30/Jan/20,73.36,78.97,76.19,75.99,66.36,69.56,70.09,68.72
29/Jan/20,73.6,79.21,76.44,76.22,66.58,69.79,70.33,68.94
28/Jan/20,73.6,79.21,76.44,76.22,66.58,69.79,70.33,68.94
27/Jan/20,73.71,79.32,76.56,76.33,66.71,69.93,70.47,69.07
26/Jan/20,73.86,79.47,76.71,76.48,66.96,70.19,70.73,69.32
25/Jan/20,74.16,79.76,77.03,76.77,67.31,70.56,71.11,69.67
24/Jan/20,74.43,80.03,77.31,77.04,67.61,70.88,71.43,69.97
23/Jan/20,74.65,80.25,77.54,77.26,67.86,71.15,71.7,70.22
22/Jan/20,74.82,80.42,77.72,77.42,68.05,71.35,71.9,70.41
21/Jan/20,74.82,80.42,77.72,77.42,68.05,71.35,71.9,70.41
20/Jan/20,74.98,80.58,77.89,77.58,68.26,71.57,72.13,70.62
19/Jan/20,75.09,80.68,78.01,77.69,68.45,71.77,72.33,70.81
18/Jan/20,75.26,80.85,78.19,77.85,68.61,71.94,72.5,70.97
17/Jan/20,75.41,81,78.34,78,68.77,72.11,72.67,71.13
16/Jan/20,75.55,81.14,78.49,78.14,68.92,72.27,72.83,71.29
15/Jan/20,75.7,81.29,78.65,78.29,69.06,72.42,72.98,71.43
14/Jan/20,75.7,81.29,78.65,78.29,69.06,72.42,72.98,71.43
13/Jan/20,75.8,81.39,78.76,78.39,69.06,72.42,72.98,71.43
12/Jan/20,75.9,81.49,78.86,78.48,69.11,72.47,73.04,71.48
11/Jan/20,76.01,81.6,78.98,78.59,69.17,72.54,73.1,71.54
10/Jan/20,75.96,81.55,78.92,78.54,69.05,72.41,72.97,71.42
09/Jan/20,75.81,81.4,78.77,78.39,68.94,72.29,72.85,71.31
08/Jan/20,75.74,81.33,78.69,78.33,68.79,72.14,72.69,71.15
07/Jan/20,75.74,81.33,78.69,78.33,68.79,72.14,72.69,71.15
06/Jan/20,75.69,81.28,78.64,78.28,68.68,72.02,72.58,71.04
05/Jan/20,75.54,81.13,78.48,78.13,68.51,71.84,72.39,70.87
04/Jan/20,75.45,81.04,78.39,78.04,68.4,71.72,72.28,70.76
03/Jan/20,75.35,80.94,78.28,77.94,68.25,71.56,72.12,70.61
02/Jan/20,75.25,80.87,78.2,77.87,68.1,71.43,71.98,70.49
01/Jan/20,75.14,80.79,78.12,77.79,67.96,71.31,71.86,70.38
31/Dec/19,75.14,80.79,78.12,77.79,67.96,71.31,71.86,70.38
30/Dec/19,75.04,80.69,78.02,77.7,67.78,71.12,71.67,70.2
29/Dec/19,74.88,80.53,77.85,77.54,67.6,70.93,71.48,70.02
28/Dec/19,74.74,80.4,77.7,77.4,67.41,70.73,71.27,69.83
27/Dec/19,74.74,80.4,77.7,77.4,67.24,70.55,71.09,69.66
26/Dec/19,74.68,80.34,77.64,77.34,67.09,70.39,70.93,69.5
25/Dec/19,74.63,80.29,77.58,77.29,66.99,70.28,70.82,69.4
24/Dec/19,74.63,80.29,77.58,77.29,66.99,70.28,70.82,69.4
23/Dec/19,74.63,80.29,77.58,77.29,66.94,70.23,70.77,69.35
22/Dec/19,74.63,80.29,77.58,77.29,66.74,70.01,70.56,69.15
21/Dec/19,74.63,80.29,77.58,77.29,66.54,69.8,70.34,68.95
20/Dec/19,74.63,80.29,77.58,77.29,66.34,69.59,70.13,68.75
19/Dec/19,74.63,80.29,77.58,77.29,66.19,69.43,69.97,68.6
18/Dec/19,74.63,80.29,77.58,77.29,66.04,69.27,69.81,68.45
17/Dec/19,74.63,80.29,77.58,77.29,66.04,69.27,69.81,68.45
16/Dec/19,74.69,80.35,77.65,77.35,66.04,69.27,69.81,68.45
15/Dec/19,74.74,80.4,77.7,77.4,66.04,69.27,69.81,68.45
14/Dec/19,74.84,80.49,77.81,77.5,66.04,69.27,69.81,68.45
13/Dec/19,74.89,80.54,77.86,77.55,66.04,69.27,69.81,68.45
12/Dec/19,74.95,80.6,77.92,77.61,66.04,69.27,69.81,68.45
11/Dec/19,75,80.65,77.97,77.67,66.04,69.27,69.81,68.45
10/Dec/19,75,80.65,77.97,77.67,66.04,69.27,69.81,68.45
09/Dec/19,75,80.65,77.97,77.67,66.04,69.27,69.81,68.45
08/Dec/19,74.95,80.6,77.92,77.62,65.94,69.17,69.7,68.35
07/Dec/19,74.86,80.51,77.83,77.54,65.84,69.06,69.59,68.25
06/Dec/19,74.86,80.51,77.83,77.54,65.78,69,69.53,68.19
05/Dec/19,74.91,80.59,77.91,77.61,65.78,69,69.53,68.19
04/Dec/19,74.91,80.59,77.91,77.61,65.78,69,69.53,68.19
03/Dec/19,74.91,80.59,77.91,77.61,65.78,69,69.53,68.19
02/Dec/19,74.91,80.59,77.91,77.61,65.78,69,69.53,68.19
01/Dec/19,74.91,80.59,77.91,77.61,65.78,69,69.53,68.19
30/Nov/19,74.86,80.51,77.83,77.54,65.78,69,69.53,68.19
29/Nov/19,74.81,80.46,77.77,77.49,65.78,69,69.53,68.19
28/Nov/19,74.76,80.42,77.72,77.44,65.73,68.94,69.47,68.14
27/Nov/19,74.76,80.42,77.72,77.44,65.73,68.94,69.47,68.14
26/Nov/19,74.76,80.42,77.72,77.44,65.73,68.94,69.47,68.14
25/Nov/19,74.66,80.32,77.62,77.34,65.73,68.94,69.47,68.14
24/Nov/19,74.54,80.2,77.49,77.22,65.73,68.94,69.47,68.14
23/Nov/19,74.44,80.1,77.38,77.12,65.79,69.01,69.54,68.2
22/Nov/19,74.35,80.01,77.29,77.04,65.84,69.06,69.59,68.25
21/Nov/19,74.2,79.86,77.13,76.89,65.84,69.06,69.59,68.25
20/Nov/19,74.2,79.86,77.13,76.89,65.84,69.06,69.59,68.25
19/Nov/19,74.2,79.86,77.13,76.89,65.84,69.06,69.59,68.25
18/Nov/19,74.05,79.71,76.97,76.74,65.79,69.01,69.54,68.2
17/Nov/19,73.89,79.55,76.81,76.58,65.79,69.01,69.54,68.2
16/Nov/19,73.77,79.44,76.68,76.47,65.79,69.01,69.54,68.2
15/Nov/19,73.63,79.3,76.53,76.33,65.79,69.01,69.54,68.2
14/Nov/19,73.45,79.12,76.34,76.15,65.79,69.01,69.54,68.2
13/Nov/19,73.3,78.97,76.18,76,65.79,69.01,69.54,68.2
12/Nov/19,73.3,78.97,76.18,76,65.79,69.01,69.54,68.2
11/Nov/19,73.2,78.87,76.08,75.91,65.85,69.07,69.6,68.26
10/Nov/19,73.05,78.72,75.92,75.76,65.91,69.13,69.67,68.32
09/Nov/19,72.85,78.52,75.71,75.56,65.91,69.13,69.67,68.32
08/Nov/19,72.7,78.38,75.55,75.41,65.84,69.06,69.59,68.25
07/Nov/19,72.6,78.28,75.45,75.32,65.75,68.96,69.5,68.16
06/Nov/19,72.6,78.28,75.45,75.32,65.75,68.96,69.5,68.16
05/Nov/19,72.6,78.28,75.45,75.32,65.75,68.96,69.5,68.16
04/Nov/19,72.65,78.33,75.5,75.37,65.75,68.96,69.5,68.16
03/Nov/19,72.74,78.42,75.59,75.45,65.8,68.99,69.52,68.19
02/Nov/19,72.81,78.48,75.67,75.52,65.8,68.99,69.52,68.19
01/Nov/19,72.86,78.51,75.69,75.55,65.8,68.99,69.52,68.19
31/Oct/19,72.92,78.54,75.72,75.57,65.85,69.01,69.55,68.21
30/Oct/19,72.92,78.54,75.72,75.57,65.85,69.01,69.55,68.21
29/Oct/19,72.92,78.54,75.72,75.57,65.85,69.01,69.55,68.21
28/Oct/19,72.98,78.6,75.79,75.63,65.95,69.12,69.65,68.31
27/Oct/19,72.98,78.6,75.79,75.63,65.95,69.12,69.65,68.31
26/Oct/19,72.98,78.6,75.79,75.63,65.95,69.12,69.65,68.31
25/Oct/19,73.06,78.68,75.87,75.71,66,69.17,69.71,68.36
24/Oct/19,73.17,78.78,75.99,75.82,66.06,69.24,69.77,68.42
23/Oct/19,73.22,78.83,76.04,75.87,66.11,69.29,69.83,68.47
22/Oct/19,73.22,78.83,76.04,75.87,66.11,69.29,69.83,68.47
21/Oct/19,73.27,78.88,76.09,75.92,66.17,69.35,69.89,68.53
20/Oct/19,73.27,78.88,76.09,75.92,66.17,69.35,69.89,68.53
19/Oct/19,73.27,78.88,76.09,75.92,66.24,69.43,69.96,68.6
18/Oct/19,73.27,78.88,76.09,75.92,66.31,69.5,70.04,68.67
17/Oct/19,73.27,78.88,76.09,75.92,66.41,69.61,70.15,68.77
16/Oct/19,73.27,78.88,76.09,75.92,66.41,69.61,70.15,68.77
15/Oct/19,73.27,78.88,76.09,75.92,66.41,69.61,70.15,68.77
14/Oct/19,73.32,78.93,76.14,75.97,66.46,69.66,70.2,68.82
13/Oct/19,73.32,78.93,76.14,75.97,66.46,69.66,70.2,68.82
12/Oct/19,73.32,78.93,76.14,75.97,66.46,69.66,70.2,68.82
11/Oct/19,73.42,79.03,76.25,76.07,66.6,69.81,70.35,68.96
10/Oct/19,73.54,79.15,76.38,76.18,66.75,69.97,70.51,69.11
09/Oct/19,73.59,79.2,76.43,76.23,66.81,70.03,70.57,69.17
08/Oct/19,73.59,79.2,76.43,76.23,66.81,70.03,70.57,69.17
07/Oct/19,73.76,79.37,76.61,76.4,66.91,70.14,70.68,69.27
06/Oct/19,73.89,79.5,76.74,76.53,67.03,70.27,70.81,69.39
05/Oct/19,74.04,79.65,76.9,76.67,67.15,70.39,70.94,69.51
04/Oct/19,74.33,79.93,77.21,76.96,67.35,70.61,71.15,69.71
03/Oct/19,74.51,80.11,77.4,77.14,67.43,70.69,71.24,69.79
02/Oct/19,74.61,80.21,77.5,77.23,67.49,70.76,71.3,69.85
01/Oct/19,74.61,80.21,77.5,77.23,67.49,70.76,71.3,69.85
30/Sep/19,74.42,80.08,77.36,77.1,67.33,70.64,71.19,69.75
29/Sep/19,74.34,80,77.28,77.03,67.24,70.55,71.09,69.66
28/Sep/19,74.34,80,77.28,77.03,67.24,70.55,71.09,69.66
27/Sep/19,74.34,80,77.28,77.03,67.24,70.55,71.09,69.66
26/Sep/19,74.19,79.85,77.12,76.88,67.14,70.44,70.98,69.56
25/Sep/19,74.13,79.79,77.06,76.82,67.07,70.37,70.91,69.49
24/Sep/19,74.13,79.79,77.06,76.82,67.07,70.37,70.91,69.49
23/Sep/19,73.91,79.57,76.83,76.6,66.93,70.22,70.76,69.35
22/Sep/19,73.62,79.29,76.52,76.32,66.74,70.01,70.56,69.15
21/Sep/19,73.35,79.02,76.24,76.05,66.53,69.79,70.33,68.94
20/Sep/19,73.06,78.73,75.93,75.77,66.29,69.54,70.07,68.7
19/Sep/19,72.71,78.39,75.56,75.43,66.01,69.24,69.77,68.42
18/Sep/19,72.42,78.1,75.26,75.14,65.82,69.04,69.57,68.23
17/Sep/19,72.17,77.85,74.99,74.89,65.58,68.78,69.31,67.99
16/Sep/19,72.03,77.71,74.85,74.76,65.43,68.62,69.15,67.84
15/Sep/19,72.03,77.71,74.85,74.76,65.43,68.62,69.15,67.84
14/Sep/19,71.97,77.65,74.78,74.7,65.37,68.56,69.09,67.78
13/Sep/19,71.89,77.57,74.7,74.62,65.28,68.46,68.99,67.69
12/Sep/19,71.82,77.5,74.63,74.55,65.19,68.37,68.9,67.6
11/Sep/19,71.76,77.45,74.56,74.49,65.14,68.32,68.84,67.55
10/Sep/19,71.76,77.45,74.56,74.49,65.14,68.32,68.84,67.55
09/Sep/19,71.71,77.4,74.51,74.44,65.09,68.26,68.79,67.5
08/Sep/19,71.71,77.4,74.51,74.44,65.09,68.26,68.79,67.5
07/Sep/19,71.77,77.46,74.57,74.5,65.09,68.26,68.79,67.5
06/Sep/19,71.86,77.54,74.66,74.58,65.14,68.31,68.84,67.54
05/Sep/19,71.95,77.62,74.75,74.66,65.2,68.36,68.89,67.59
04/Sep/19,72.01,77.67,74.8,74.71,65.25,68.41,68.94,67.63
03/Sep/19,72.01,77.67,74.8,74.71,65.25,68.41,68.94,67.63
02/Sep/19,72.01,77.67,74.8,74.71,65.25,68.41,68.94,67.63
01/Sep/19,72.01,77.67,74.8,74.71,65.25,68.41,68.94,67.63
31/Aug/19,72.01,77.67,74.8,74.71,65.25,68.41,68.94,67.63
30/Aug/19,72.01,77.67,74.8,74.71,65.25,68.41,68.94,67.63
29/Aug/19,72.01,77.67,74.8,74.71,65.3,68.46,68.99,67.68
28/Aug/19,72.07,77.73,74.86,74.77,65.35,68.51,69.04,67.73
27/Aug/19,72.07,77.73,74.86,74.77,65.35,68.51,69.04,67.73
26/Aug/19,72.07,77.73,74.86,74.77,65.35,68.51,69.04,67.73
25/Aug/19,71.99,77.65,74.78,74.69,65.26,68.42,68.95,67.64
24/Aug/19,71.92,77.58,74.7,74.62,65.16,68.31,68.84,67.54
23/Aug/19,71.84,77.5,74.62,74.54,65.11,68.26,68.79,67.49
22/Aug/19,71.84,77.5,74.62,74.54,65.11,68.26,68.79,67.49
21/Aug/19,71.84,77.5,74.62,74.54,65.11,68.26,68.79,67.49
20/Aug/19,71.84,77.5,74.62,74.54,65.11,68.26,68.79,67.49
19/Aug/19,71.84,77.5,74.62,74.54,65.18,68.33,68.86,67.56
18/Aug/19,71.91,77.57,74.69,74.61,65.26,68.42,68.95,67.64
17/Aug/19,71.99,77.65,74.78,74.69,65.38,68.55,69.08,67.76
16/Aug/19,71.99,77.65,74.78,74.69,65.43,68.6,69.13,67.81
15/Aug/19,71.99,77.65,74.78,74.69,65.43,68.6,69.13,67.81
14/Aug/19,71.99,77.65,74.78,74.69,65.43,68.6,69.13,67.81
13/Aug/19,71.99,77.65,74.78,74.69,65.43,68.6,69.13,67.81
12/Aug/19,71.99,77.65,74.78,74.69,65.43,68.6,69.13,67.81
11/Aug/19,71.99,77.65,74.78,74.69,65.49,68.66,69.19,67.87
10/Aug/19,72.08,77.74,74.87,74.78,65.64,68.82,69.35,68.01
09/Aug/19,72.08,77.74,74.87,74.78,65.75,68.94,69.47,68.08
08/Aug/19,72.23,77.89,75.03,74.92,65.88,69.06,69.59,68.15
07/Aug/19,72.28,77.93,75.08,74.97,65.94,69.11,69.64,68.17
06/Aug/19,72.28,77.93,75.08,74.97,65.94,69.11,69.64,68.17
05/Aug/19,72.37,78.02,75.18,75.06,65.94,69.11,69.64,68.17
04/Aug/19,72.52,78.17,75.34,75.21,65.94,69.11,69.64,68.17
03/Aug/19,72.62,78.27,75.44,75.3,66,69.17,69.71,68.19
02/Aug/19,72.69,78.34,75.52,75.37,66,69.17,69.71,68.19
01/Aug/19,72.8,78.42,75.6,75.44,66,69.17,69.71,68.19
31/Jul/19,72.86,78.48,75.66,75.5,66,69.17,69.71,68.19
30/Jul/19,72.86,78.48,75.66,75.5,66,69.17,69.71,68.19
29/Jul/19,72.99,78.61,75.8,75.63,66.07,69.25,69.78,68.22
28/Jul/19,73.14,78.75,75.96,75.75,66.18,69.36,69.9,68.29
27/Jul/19,73.24,78.85,76.06,75.81,66.18,69.36,69.9,68.29
26/Jul/19,73.29,78.9,76.11,75.83,66.18,69.36,69.9,68.29
25/Jul/19,73.35,78.96,76.18,75.85,66.18,69.36,69.9,68.29
24/Jul/19,73.41,79.02,76.24,75.87,66.24,69.43,69.96,68.31
23/Jul/19,73.41,79.02,76.24,75.87,66.24,69.43,69.96,68.31
22/Jul/19,73.35,78.96,76.18,75.77,66.24,69.43,69.96,68.31
21/Jul/19,73.35,78.96,76.18,75.77,66.24,69.43,69.96,68.31
20/Jul/19,73.35,78.96,76.18,75.77,66.24,69.43,69.96,68.31
19/Jul/19,73.35,78.96,76.18,75.77,66.24,69.43,69.96,68.31
18/Jul/19,73.35,78.96,76.18,75.77,66.24,69.43,69.96,68.31
17/Jul/19,73.27,78.88,76.09,75.65,66.24,69.43,69.96,68.31
16/Jul/19,73.27,78.88,76.09,75.65,66.24,69.43,69.96,68.31
15/Jul/19,73.21,78.82,76.03,75.55,66.24,69.43,69.96,68.31
14/Jul/19,73.08,78.69,75.89,75.38,66.24,69.43,69.96,68.31
13/Jul/19,72.99,78.61,75.8,75.25,66.24,69.43,69.96,68.31
12/Jul/19,72.9,78.52,75.7,75.12,66.24,69.43,69.96,68.31
11/Jul/19,72.9,78.52,75.7,75.12,66.34,69.53,70.07,68.37
10/Jul/19,72.9,78.52,75.7,75.12,66.49,69.69,70.23,68.48
09/Jul/19,72.9,78.52,75.7,75.12,66.49,69.69,70.23,68.48
08/Jul/19,72.96,78.57,75.76,75.15,66.59,69.8,70.34,68.54
07/Jul/19,72.96,78.57,75.76,75.15,66.69,69.9,70.48,68.59
06/Jul/19,72.96,78.57,75.76,75.15,66.69,69.9,70.48,68.59
05/Jul/19,70.51,76.15,73.19,72.75,64.33,67.4,67.96,66.23
04/Jul/19,70.51,76.15,73.19,72.75,64.33,67.4,67.96,66.23
03/Jul/19,70.51,76.15,73.19,72.75,64.33,67.4,67.96,66.23
02/Jul/19,70.51,76.15,73.19,72.75,64.33,67.4,67.96,66.23
01/Jul/19,70.44,76.11,73.15,72.67,64.27,67.36,67.96,66.16
30/Jun/19,70.37,76.06,73.1,72.63,64.19,67.3,67.9,66.11
29/Jun/19,70.28,75.97,73.01,72.54,64.11,67.22,67.81,66.03
28/Jun/19,70.17,75.87,72.89,72.43,64.01,67.11,67.7,65.93
27/Jun/19,70.12,75.82,72.84,72.38,63.95,67.05,67.64,65.87
26/Jun/19,70.05,75.75,72.77,72.31,63.9,66.99,67.59,65.82
25/Jun/19,70.05,75.75,72.77,72.31,63.9,66.99,67.59,65.82
24/Jun/19,70.05,75.75,72.77,72.31,63.9,66.99,67.59,65.82
23/Jun/19,69.98,75.68,72.69,72.24,63.84,66.93,67.52,65.76
22/Jun/19,69.93,75.63,72.64,72.19,63.78,66.87,67.46,65.7
21/Jun/19,69.93,75.63,72.64,72.19,63.78,66.87,67.46,65.7
20/Jun/19,69.93,75.63,72.64,72.19,63.78,66.87,67.46,65.7
19/Jun/19,69.93,75.63,72.64,72.19,63.84,66.93,67.52,65.76
18/Jun/19,69.93,75.63,72.64,72.19,63.84,66.93,67.52,65.76
17/Jun/19,69.93,75.63,72.64,72.19,63.84,66.93,67.52,65.76
16/Jun/19,69.93,75.63,72.64,72.19,63.84,66.93,67.52,65.76
15/Jun/19,69.99,75.69,72.7,72.25,63.93,67.03,67.62,65.85
14/Jun/19,70.18,75.88,72.9,72.44,64.17,67.28,67.88,66.09
13/Jun/19,70.35,76.04,73.08,72.61,64.33,67.45,68.05,66.25
12/Jun/19,70.43,76.12,73.17,72.68,64.39,67.51,68.11,66.31
11/Jun/19,70.43,76.12,73.17,72.68,64.39,67.51,68.11,66.31
10/Jun/19,70.43,76.12,73.17,72.68,64.39,67.51,68.11,66.31
09/Jun/19,70.56,76.25,73.3,72.81,64.5,67.63,68.23,66.42
08/Jun/19,70.72,76.41,73.47,72.97,64.65,67.79,68.39,66.57
07/Jun/19,70.94,76.63,73.7,73.19,64.9,68.06,68.66,66.82
06/Jun/19,71.07,76.76,73.84,73.31,65.22,68.39,69,67.14
05/Jun/19,71.23,76.91,74.01,73.47,65.56,68.76,69.36,67.48
04/Jun/19,71.23,76.91,74.01,73.47,65.56,68.76,69.36,67.48
03/Jun/19,71.3,76.98,74.08,73.54,65.76,68.97,69.58,67.68
02/Jun/19,71.5,77.16,74.27,73.71,66.16,69.37,69.98,68.06
01/Jun/19,71.62,77.28,74.39,73.74,66.36,69.58,70.19,68.21
31/May/19,71.73,77.34,74.46,73.79,66.51,69.69,70.31,68.27
30/May/19,71.8,77.41,74.53,73.86,66.63,69.82,70.43,68.39
29/May/19,71.86,77.47,74.59,73.92,66.69,69.88,70.5,68.45
28/May/19,71.86,77.47,74.59,73.92,66.69,69.88,70.5,68.45
27/May/19,71.77,77.38,74.5,73.83,66.64,69.83,70.45,68.4
26/May/19,71.67,77.28,74.39,73.73,66.64,69.83,70.45,68.4
25/May/19,71.53,77.14,74.25,73.6,66.57,69.75,70.37,68.33
24/May/19,71.39,77,74.1,73.46,66.45,69.63,70.24,68.21
23/May/19,71.25,76.86,73.95,73.32,66.29,69.46,70.07,68.05
22/May/19,71.17,76.78,73.87,73.24,66.2,69.36,69.97,67.96
21/May/19,71.17,76.78,73.87,73.24,66.2,69.36,69.97,67.96
20/May/19,71.12,76.73,73.82,73.19,66.11,69.27,69.88,67.86
19/May/19,71.03,76.64,73.72,73.11,65.96,69.11,69.72,67.71
18/May/19,71.03,76.64,73.72,73.11,65.96,69.11,69.72,67.71
17/May/19,71.1,76.71,73.79,73.17,65.96,69.11,69.72,67.71
16/May/19,71.18,76.79,73.88,73.25,65.91,69.05,69.66,67.66
15/May/19,71.18,76.79,73.88,73.25,65.86,69,69.61,67.61
14/May/19,71.18,76.79,73.88,73.25,65.86,69,69.61,67.61
13/May/19,71.43,77.04,74.14,73.5,65.98,69.13,69.74,67.73
12/May/19,71.73,77.34,74.46,73.79,66.11,69.27,69.88,67.86
11/May/19,72.15,77.75,74.9,74.21,66.28,69.45,70.06,68.04
10/May/19,72.63,78.23,75.4,74.68,66.47,69.65,70.26,68.23
09/May/19,72.84,78.44,75.63,74.88,66.56,69.74,70.36,68.32
08/May/19,73,78.59,75.79,75.04,66.66,69.81,70.43,68.4
07/May/19,73,78.59,75.79,75.04,66.66,69.81,70.43,68.4
06/May/19,73,78.59,75.79,75.04,66.66,69.81,70.43,68.4
05/May/19,73.07,78.66,75.87,75.11,66.66,69.81,70.43,68.4
04/May/19,73.13,78.71,75.92,75.15,66.71,69.86,70.48,68.45
03/May/19,73.07,78.64,75.84,75.08,66.66,69.77,70.39,68.39
02/May/19,73.07,78.64,75.84,75.08,66.66,69.77,70.39,68.39
01/May/19,73.13,78.7,75.9,75.15,66.71,69.83,70.44,68.45
30/Apr/19,73.13,78.7,75.9,75.15,66.71,69.83,70.44,68.45
29/Apr/19,73.08,78.65,75.85,75.1,66.66,69.77,70.39,68.4
28/Apr/19,73.08,78.65,75.85,75.1,66.61,69.72,70.34,68.35
27/Apr/19,73.08,78.65,75.85,75.1,66.61,69.72,70.34,68.35
26/Apr/19,73.02,78.59,75.79,75.04,66.61,69.72,70.34,68.35
25/Apr/19,73.02,78.59,75.79,75.04,66.54,69.65,70.26,68.28
24/Apr/19,72.95,78.52,75.71,74.97,66.46,69.56,70.17,68.2
23/Apr/19,72.95,78.52,75.71,74.97,66.46,69.56,70.17,68.2
22/Apr/19,72.95,78.52,75.71,74.97,66.46,69.56,70.17,68.2
21/Apr/19,72.95,78.52,75.71,74.97,66.46,69.56,70.17,68.2
20/Apr/19,73,78.57,75.77,75.02,66.39,69.49,70.1,68.13
19/Apr/19,73,78.57,75.77,75.02,66.31,69.4,70.01,68.05
18/Apr/19,72.93,78.5,75.69,74.95,66.31,69.4,70.01,68.05
17/Apr/19,72.93,78.5,75.69,74.95,66.31,69.4,70.01,68.05
16/Apr/19,72.93,78.5,75.69,74.95,66.31,69.4,70.01,68.05
15/Apr/19,72.98,78.55,75.75,75,66.26,69.35,69.96,68
14/Apr/19,72.92,78.49,75.68,74.94,66.26,69.35,69.96,68
13/Apr/19,72.86,78.43,75.62,74.88,66.19,69.27,69.89,67.93
12/Apr/19,72.86,78.43,75.62,74.88,66.19,69.27,69.89,67.93
11/Apr/19,72.8,78.37,75.56,74.82,66.11,69.19,69.8,67.85
10/Apr/19,72.8,78.37,75.56,74.82,66.11,69.19,69.8,67.85
09/Apr/19,72.8,78.37,75.56,74.82,66.11,69.19,69.8,67.85
08/Apr/19,72.85,78.42,75.61,74.87,66.11,69.19,69.8,67.85
07/Apr/19,72.85,78.42,75.61,74.87,66.11,69.19,69.8,67.85
06/Apr/19,72.91,78.48,75.67,74.93,66.19,69.27,69.89,67.93
05/Apr/19,72.91,78.48,75.67,74.93,66.14,69.22,69.83,67.88
04/Apr/19,72.86,78.43,75.62,74.88,66.14,69.22,69.83,67.88
03/Apr/19,72.86,78.43,75.62,74.88,66.09,69.17,69.78,67.83
02/Apr/19,72.86,78.43,75.62,74.88,66.09,69.17,69.78,67.83
01/Apr/19,72.86,78.43,75.62,74.88,66.09,69.17,69.78,67.83
31/Mar/19,72.86,78.48,75.67,74.93,66.14,69.27,69.88,67.92
30/Mar/19,72.86,78.48,75.67,74.93,66.22,69.36,69.97,68
29/Mar/19,72.81,78.43,75.62,74.89,66.3,69.44,70.05,68.08
28/Mar/19,72.81,78.43,75.62,74.89,66.39,69.54,70.15,68.18
27/Mar/19,72.86,78.48,75.67,74.93,66.49,69.64,70.26,68.28
26/Mar/19,72.86,78.48,75.67,74.93,66.49,69.64,70.26,68.28
25/Mar/19,72.86,78.48,75.67,74.93,66.49,69.64,70.26,68.28
24/Mar/19,72.86,78.48,75.67,74.93,66.6,69.76,70.37,68.39
23/Mar/19,72.81,78.43,75.62,74.89,66.6,69.76,70.37,68.39
22/Mar/19,72.76,78.38,75.57,74.84,66.65,69.81,70.43,68.44
21/Mar/19,72.71,78.33,75.52,74.79,66.72,69.89,70.5,68.51
20/Mar/19,72.78,78.4,75.59,74.86,66.8,69.97,70.59,68.59
19/Mar/19,72.78,78.4,75.59,74.86,66.8,69.97,70.59,68.59
18/Mar/19,72.78,78.4,75.59,74.86,66.91,70.09,70.71,68.7
17/Mar/19,72.71,78.33,75.52,74.79,67.06,70.25,70.87,68.85
16/Mar/19,72.63,78.25,75.43,74.71,67.15,70.34,70.96,68.94
15/Mar/19,72.55,78.17,75.35,74.63,67.22,70.42,71.04,69.01
14/Mar/19,72.48,78.1,75.27,74.56,67.32,70.52,71.15,69.11
13/Mar/19,72.41,78.04,75.2,74.49,67.37,70.58,71.2,69.16
12/Mar/19,72.41,78.04,75.2,74.49,67.37,70.58,71.2,69.16
11/Mar/19,72.46,78.09,75.25,74.54,67.44,70.65,71.27,69.23
10/Mar/19,72.4,78.03,75.19,74.48,67.54,70.76,71.38,69.33
09/Mar/19,72.31,77.94,75.09,74.39,67.54,70.76,71.38,69.33
08/Mar/19,72.24,77.87,75.02,74.33,67.54,70.76,71.38,69.33
07/Mar/19,72.24,77.87,75.02,74.33,67.64,70.86,71.49,69.43
06/Mar/19,72.24,77.87,75.02,74.33,67.64,70.86,71.49,69.43
05/Mar/19,72.24,77.87,75.02,74.33,67.64,70.86,71.49,69.43
04/Mar/19,72.17,77.8,74.95,74.26,67.54,70.76,71.38,69.33
03/Mar/19,72.07,77.7,74.84,74.16,67.41,70.62,71.24,69.2
02/Mar/19,71.94,77.57,74.71,74.03,67.27,70.47,71.09,69.06
01/Mar/19,71.81,77.44,74.57,73.9,67.12,70.31,70.93,68.91
28/Feb/19,71.73,77.36,74.48,73.82,67,70.18,70.8,68.79
27/Feb/19,71.66,77.29,74.41,73.76,66.92,70.1,70.72,68.71
26/Feb/19,71.66,77.29,74.41,73.76,66.92,70.1,70.72,68.71
25/Feb/19,71.57,77.2,74.32,73.67,66.8,69.97,70.59,68.59
24/Feb/19,71.42,77.06,74.16,73.52,66.64,69.8,70.42,68.43
23/Feb/19,71.35,76.99,74.08,73.45,66.55,69.71,70.32,68.34
22/Feb/19,71.29,76.93,74.02,73.39,66.48,69.63,70.25,68.27
21/Feb/19,71.15,76.79,73.87,73.25,66.33,69.47,70.09,68.12
20/Feb/19,71,76.64,73.72,73.11,66.17,69.3,69.91,67.95
19/Feb/19,71,76.64,73.72,73.11,66.17,69.3,69.91,67.95
18/Feb/19,70.91,76.54,73.61,73.01,66.11,69.23,69.84,67.89
17/Feb/19,70.76,76.39,73.45,72.86,65.98,69.09,69.7,67.76
16/Feb/19,70.6,76.23,73.28,72.71,65.86,68.97,69.57,67.64
15/Feb/19,70.46,76.1,73.14,72.57,65.73,68.83,69.44,67.51
14/Feb/19,70.39,76.03,73.06,72.5,65.67,68.76,69.37,67.45
13/Feb/19,70.33,75.97,73,72.44,65.62,68.71,69.32,67.4
12/Feb/19,70.33,75.97,73,72.44,65.62,68.71,69.32,67.4
11/Feb/19,70.33,75.97,73,72.44,65.62,68.71,69.32,67.4
10/Feb/19,70.28,75.92,72.95,72.39,65.56,68.65,69.25,67.34
09/Feb/19,70.28,75.92,72.95,72.39,65.56,68.65,69.25,67.34
08/Feb/19,70.38,76.02,73.05,72.49,65.56,68.65,69.25,67.34
07/Feb/19,70.44,76.08,73.11,72.55,65.56,68.65,69.25,67.34
06/Feb/19,70.44,76.08,73.11,72.55,65.51,68.59,69.2,67.29
05/Feb/19,70.44,76.08,73.11,72.55,65.51,68.59,69.2,67.29
04/Feb/19,70.59,76.22,73.27,72.7,65.61,68.7,69.31,67.39
03/Feb/19,70.74,76.37,73.43,72.84,65.71,68.81,69.41,67.49
02/Feb/19,70.84,76.47,73.54,72.94,65.71,68.81,69.41,67.49
01/Feb/19,70.94,76.57,73.64,73.04,65.71,68.81,69.41,67.49
31/Jan/19,71.09,76.72,73.8,73.18,65.81,68.91,69.52,67.59
30/Jan/19,71.19,76.82,73.9,73.28,65.89,69,69.61,67.67
29/Jan/19,71.19,76.82,73.9,73.28,65.89,69,69.61,67.67
28/Jan/19,71.27,76.9,73.99,73.36,66,69.11,69.72,67.78
27/Jan/19,71.27,76.9,73.99,73.36,66,69.11,69.72,67.78
26/Jan/19,71.27,76.9,73.99,73.36,66,69.11,69.72,67.78
25/Jan/19,71.27,76.9,73.99,73.36,66,69.11,69.72,67.78
24/Jan/19,71.27,76.9,73.99,73.36,65.9,69.01,69.62,67.68
23/Jan/19,71.27,76.9,73.99,73.36,65.9,69.01,69.62,67.68
22/Jan/19,71.27,76.9,73.99,73.36,65.9,69.01,69.62,67.68
21/Jan/19,71.14,76.77,73.85,73.23,65.71,68.81,69.41,67.49
20/Jan/19,70.95,76.58,73.65,73.05,65.45,68.53,69.14,67.23
19/Jan/19,70.72,76.35,73.41,72.82,65.16,68.22,68.83,66.93
18/Jan/19,70.55,76.18,73.23,72.65,64.97,68.02,68.62,66.74
17/Jan/19,70.47,76.11,73.15,72.58,64.78,67.82,68.42,66.55
16/Jan/19,70.33,75.97,73,72.44,64.59,67.62,68.22,66.36
15/Jan/19,70.41,76.05,73.08,72.52,64.47,67.49,68.09,66.24
14/Jan/19,70.13,75.77,72.79,72.24,64.18,67.18,67.78,65.95
13/Jan/19,69.75,75.39,72.39,71.87,63.69,66.66,67.25,65.46
12/Jan/19,69.26,74.91,71.87,71.39,63.1,66.04,66.62,64.87
11/Jan/19,69.07,74.72,71.67,71.2,62.81,65.73,66.31,64.58
10/Jan/19,68.88,74.53,71.47,71.01,62.53,65.43,66.01,64.3
09/Jan/19,68.5,74.16,71.07,70.64,62.24,65.12,65.7,64.01
08/Jan/19,68.5,74.16,71.07,70.64,62.24,65.12,65.7,64.01
07/Jan/19,68.5,74.16,71.07,70.64,62.24,65.12,65.7,64.01
06/Jan/19,68.29,73.95,70.85,70.43,62.16,65.04,65.62,63.93
05/Jan/19,68.29,73.95,70.85,70.43,62.26,65.14,65.72,64.03
04/Jan/19,68.44,74.1,71.01,70.58,62.44,65.34,65.91,64.21
03/Jan/19,68.65,74.3,71.22,70.78,62.66,65.56,66.14,64.42
02/Jan/19,68.65,74.3,71.22,70.78,62.66,65.56,66.14,64.42
01/Jan/19,68.65,74.3,71.22,70.78,62.66,65.56,66.14,64.42
31/Dec/18,68.84,74.47,71.41,70.96,62.86,65.76,66.35,64.61
30/Dec/18,69.04,74.67,71.62,71.15,63.09,66.01,66.59,64.84
29/Dec/18,69.26,74.89,71.85,71.37,63.32,66.25,66.84,65.07
28/Dec/18,69.55,75.18,72.16,71.65,63.62,66.57,67.16,65.37
27/Dec/18,69.74,75.36,72.36,71.84,63.76,66.72,67.31,65.51
26/Dec/18,69.79,75.41,72.41,71.89,63.83,66.79,67.38,65.59
25/Dec/18,69.79,75.41,72.41,71.89,63.83,66.79,67.38,65.59
24/Dec/18,69.86,75.48,72.48,71.96,63.83,66.79,67.38,65.59
23/Dec/18,70.07,75.69,72.7,72.16,64.01,66.98,67.58,65.77
22/Dec/18,70.27,75.89,72.91,72.36,64.19,67.17,67.77,65.95
21/Dec/18,70.46,76.08,73.11,72.55,64.39,67.39,67.98,66.15
20/Dec/18,70.63,76.25,73.29,72.71,64.54,67.55,68.14,66.3
19/Dec/18,70.63,76.25,73.29,72.71,64.54,67.55,68.14,66.3
18/Dec/18,70.63,76.25,73.29,72.71,64.54,67.55,68.14,66.3
17/Dec/18,70.53,76.15,73.19,72.62,64.47,67.47,68.07,66.23
16/Dec/18,70.34,75.96,72.99,72.43,64.38,67.38,67.97,66.14
15/Dec/18,70.34,75.96,72.99,72.43,64.5,67.5,68.1,66.26
14/Dec/18,70.29,75.91,72.94,72.38,64.57,67.58,68.18,66.33
13/Dec/18,70.29,75.91,72.94,72.38,64.66,67.66,68.26,66.4
12/Dec/18,70.2,75.8,72.82,73.28,64.66,67.66,68.26,67.4
11/Dec/18,70.2,75.8,72.82,72.28,64.66,67.66,68.26,66.4
10/Dec/18,70.31,75.9,72.92,72.37,64.82,67.81,68.41,66.55
09/Dec/18,70.55,76.13,73.18,72.6,65.09,68.1,68.7,66.82
08/Dec/18,70.7,76.28,73.33,72.75,65.3,68.32,68.93,67.03
07/Dec/18,70.92,76.5,73.57,72.97,65.55,68.59,69.19,67.28
06/Dec/18,71.32,76.9,73.99,73.36,65.96,69.02,69.63,67.69
05/Dec/18,71.72,77.29,74.41,73.75,66.39,69.48,70.09,68.12
04/Dec/18,71.72,77.29,74.41,73.75,66.39,69.48,70.09,68.12
03/Dec/18,71.93,77.5,74.63,73.96,66.66,69.77,70.38,68.39
02/Dec/18,72.23,77.8,74.94,74.25,67.02,70.15,70.77,68.75
01/Dec/18,72.53,78.09,75.26,74.55,67.35,70.5,71.12,69.08
30/Nov/18,72.87,78.43,75.62,74.88,67.72,70.89,71.52,69.57
29/Nov/18,73.24,78.8,76.01,75.24,68.13,71.33,71.95,69.98
28/Nov/18,73.57,79.12,76.35,75.57,68.49,71.71,72.34,70.34
27/Nov/18,74.07,79.62,76.88,76.06,68.89,72.13,72.77,70.74
26/Nov/18,74.49,80.03,77.32,76.47,69.29,72.56,73.2,71.14
25/Nov/18,74.84,80.38,77.69,76.82,69.7,72.99,73.63,71.55
24/Nov/18,75.25,80.79,78.12,77.22,70.16,73.48,74.13,72.01
23/Nov/18,75.57,81.1,78.46,77.53,70.56,73.91,74.55,72.41
22/Nov/18,75.97,81.5,78.88,77.93,70.97,74.34,74.99,72.83
21/Nov/18,76.38,81.9,79.31,78.33,71.27,74.66,75.31,73.13
20/Nov/18,76.38,81.9,79.31,78.33,71.27,74.66,75.31,73.13
19/Nov/18,76.52,82.04,79.46,78.47,71.39,74.79,75.44,73.25
18/Nov/18,76.71,82.23,79.66,78.65,71.56,74.97,75.63,73.42
17/Nov/18,76.91,82.43,79.87,78.85,71.74,75.16,75.82,73.6
16/Nov/18,77.1,82.62,80.07,79.04,71.93,75.36,76.02,73.79
15/Nov/18,77.28,82.8,80.26,79.21,72.09,75.53,76.19,73.95
14/Nov/18,77.43,82.94,80.42,79.36,72.19,75.64,76.3,74.05
13/Nov/18,77.43,82.94,80.42,79.36,72.19,75.64,76.3,74.05
12/Nov/18,77.56,83.07,80.56,79.49,72.31,75.76,76.43,74.17
11/Nov/18,77.73,83.24,80.73,79.65,72.46,75.92,76.59,74.32
10/Nov/18,77.89,83.4,80.9,79.81,72.58,76.05,76.72,74.44
09/Nov/18,78.06,83.57,81.08,79.98,72.74,76.22,76.89,74.6
08/Nov/18,78.21,83.72,81.24,80.13,72.89,76.38,77.05,74.75
07/Nov/18,78.42,83.92,81.46,80.33,73.07,76.57,77.24,74.93
06/Nov/18,78.42,83.92,81.46,80.33,73.07,76.57,77.24,74.93
05/Nov/18,78.56,84.06,81.61,80.47,73.16,76.67,77.34,75.02
04/Nov/18,78.78,84.28,81.84,80.68,73.36,76.88,77.55,75.22
03/Nov/18,78.99,84.49,82.06,80.89,73.53,77.06,77.73,75.39
02/Nov/18,79.18,84.68,82.26,81.08,73.64,77.18,77.85,75.5
01/Nov/18,79.37,84.86,82.46,81.25,73.78,77.32,78,75.63
31/Oct/18,79.55,85.04,82.65,81.43,73.78,77.32,78,75.63
30/Oct/18,79.55,85.04,82.65,81.43,73.78,77.32,78,75.63
29/Oct/18,79.75,85.24,82.86,81.63,73.85,77.4,78.08,75.7
28/Oct/18,80.05,85.54,83.18,81.92,74.05,77.61,78.29,75.9
27/Oct/18,80.45,85.93,83.6,82.31,74.38,77.96,78.64,76.23
26/Oct/18,80.85,86.33,84.02,82.71,74.73,78.33,79.02,76.58
25/Oct/18,81.1,86.58,84.28,82.95,74.8,78.41,79.09,76.65
24/Oct/18,81.25,86.73,84.44,83.1,74.85,78.46,79.15,76.7
23/Oct/18,81.34,86.81,84.53,83.19,74.85,78.46,79.15,76.7
22/Oct/18,81.44,86.91,84.64,83.29,74.92,78.54,79.22,76.77
21/Oct/18,81.74,87.21,84.96,83.58,75.19,78.82,79.51,77.04
20/Oct/18,81.99,87.46,85.22,83.83,75.36,79,79.69,77.21
19/Oct/18,82.38,87.84,85.63,84.21,75.48,79.13,79.82,77.33
18/Oct/18,82.62,88.08,85.88,84.44,75.58,79.24,79.93,77.43
17/Oct/18,82.83,88.29,86.1,84.65,75.69,79.35,80.04,77.54
16/Oct/18,82.83,88.29,86.1,84.65,75.69,79.35,80.04,77.54
15/Oct/18,82.72,88.18,85.99,84.54,75.46,79.11,79.8,77.31
14/Oct/18,82.72,88.18,85.99,84.54,75.38,79.02,79.71,77.23
13/Oct/18,82.66,88.12,85.92,84.48,75.19,78.82,79.51,77.04
12/Oct/18,82.48,87.94,85.73,84.31,74.9,78.51,79.2,76.75
11/Oct/18,82.36,87.82,85.61,84.19,74.62,78.22,78.9,76.47
10/Oct/18,82.26,87.73,85.5,84.09,74.35,77.93,78.61,76.2
09/Oct/18,82.26,87.73,85.5,84.09,74.11,77.68,78.35,75.96
08/Oct/18,82.03,87.5,85.26,83.87,73.82,77.37,78.04,75.67
07/Oct/18,81.82,87.29,85.04,83.66,73.53,77.06,77.73,75.38
06/Oct/18,81.68,87.15,84.89,83.52,73.24,76.75,77.42,75.09
05/Oct/18,81.5,86.97,84.7,83.3,72.95,77.45,77.11,74.8
04/Oct/18,84,91.34,87.33,85.8,75.45,80.1,79.79,77.3
03/Oct/18,83.85,91.2,87.18,85.65,75.25,79.89,79.57,77.1
02/Oct/18,83.85,91.2,87.18,85.65,75.25,79.89,79.57,77.1
01/Oct/18,83.73,91.08,87.05,85.53,75.09,79.72,79.4,76.94
30/Sep/18,83.49,90.84,86.8,85.3,74.79,79.4,79.08,76.64
29/Sep/18,83.4,90.75,86.7,85.21,74.63,79.23,78.91,76.48
28/Sep/18,83.22,90.57,86.51,85.03,74.42,79.01,78.69,76.27
27/Sep/18,83,90.35,86.28,84.82,74.24,78.82,78.49,76.09
26/Sep/18,82.86,90.22,86.13,84.68,74.12,78.69,78.36,75.97
25/Sep/18,82.86,90.22,86.13,84.68,74.12,78.69,78.36,75.97
24/Sep/18,82.72,90.08,85.99,84.54,74.02,78.58,78.26,75.87
23/Sep/18,82.61,89.97,85.87,84.44,73.97,78.53,78.2,75.82
22/Sep/18,82.44,89.8,85.69,84.27,73.87,78.42,78.1,75.72
21/Sep/18,82.32,89.69,85.58,84.16,73.87,78.42,78.1,75.72
20/Sep/18,82.22,89.6,85.48,84.07,73.87,78.42,78.1,75.72
19/Sep/18,82.16,89.54,85.41,84.01,73.87,78.42,78.1,75.72
18/Sep/18,82.16,89.54,85.41,84.01,73.87,78.42,78.1,75.72
17/Sep/18,82.06,89.44,85.31,83.91,73.78,78.33,78,75.63
16/Sep/18,81.91,89.29,85.15,83.76,73.72,78.26,77.94,75.57
15/Sep/18,81.63,89.01,84.85,83.49,73.54,78.07,77.74,75.39
14/Sep/18,81.28,88.67,84.49,83.14,73.3,77.82,77.49,75.15
13/Sep/18,81,88.39,84.19,82.87,73.08,77.58,77.25,74.93
12/Sep/18,80.87,88.26,84.05,82.74,72.97,77.47,77.13,74.82
11/Sep/18,80.87,88.26,84.05,83.75,72.97,77.47,77.13,75.82
10/Sep/18,80.73,88.12,83.91,83.61,72.83,77.32,76.98,75.68
09/Sep/18,80.5,87.89,83.66,83.39,72.61,77.09,76.75,75.46
08/Sep/18,80.38,87.77,83.54,83.27,72.51,76.98,76.64,75.36
07/Sep/18,79.99,87.39,83.13,82.88,72.07,76.51,76.17,74.92
06/Sep/18,79.51,86.91,82.62,82.41,71.55,75.96,75.61,74.4
05/Sep/18,79.31,86.72,82.41,82.22,71.34,75.74,75.39,74.19
04/Sep/18,79.31,86.72,82.41,82.22,71.34,75.74,75.39,74.19
03/Sep/18,79.15,86.56,82.24,82.06,71.15,75.54,75.19,74
02/Sep/18,78.84,86.25,81.92,81.76,70.76,75.12,74.77,73.61
01/Sep/18,78.68,86.09,81.75,81.6,70.42,74.76,74.41,73.27
31/Aug/18,78.52,85.93,81.58,81.44,70.21,74.54,74.18,73.06
30/Aug/18,78.3,85.72,81.35,81.23,69.93,74.24,73.88,72.78
29/Aug/18,78.18,85.6,81.22,81.11,69.75,74.05,73.69,72.6
28/Aug/18,78.05,85.47,81.09,80.98,69.61,73.9,73.54,72.46
27/Aug/18,77.91,85.33,80.94,80.84,69.46,73.74,73.38,72.31
26/Aug/18,77.78,85.2,80.8,80.71,69.32,73.59,73.23,72.16
25/Aug/18,77.67,85.09,80.69,80.61,69.18,73.44,73.08,72.02
24/Aug/18,77.67,85.09,80.69,80.61,69.18,73.44,73.08,72.02
23/Aug/18,77.58,85,80.59,80.52,69.1,73.36,72.99,71.94
22/Aug/18,77.58,85,80.59,80.52,69.1,73.36,72.99,71.94
21/Aug/18,77.58,85,80.59,80.52,69.1,73.36,72.99,71.94
20/Aug/18,77.49,84.91,80.5,80.43,69.04,73.3,72.93,71.88
19/Aug/18,77.4,84.82,80.4,80.34,68.92,73.17,72.8,71.76
18/Aug/18,77.28,84.71,80.28,80.22,68.86,73.1,72.74,71.7
17/Aug/18,77.2,84.63,80.19,80.14,68.86,73.1,72.74,71.7
16/Aug/18,77.2,84.63,80.19,80.14,68.78,73.02,72.65,71.62
15/Aug/18,77.14,84.58,80.14,80.1,68.72,72.96,72.59,71.56
14/Aug/18,77.14,84.58,80.14,80.1,68.72,72.96,72.59,71.56
13/Aug/18,77.14,84.58,80.14,80.1,68.72,72.96,72.59,71.56
12/Aug/18,77.23,84.67,80.23,80.18,68.77,73.01,72.64,71.61
11/Aug/18,77.23,84.67,80.23,80.18,68.71,72.94,72.57,71.55
10/Aug/18,77.13,84.57,80.13,80.09,68.57,72.8,72.43,71.41
09/Aug/18,77.06,84.5,80.05,80,68.5,72.72,72.35,71.31
08/Aug/18,77.06,84.5,80.05,80,68.5,72.72,72.35,71.31
07/Aug/18,77.06,84.5,80.05,80,68.5,72.72,72.35,71.31
06/Aug/18,76.97,84.41,79.96,79.89,68.44,72.66,72.29,71.22
05/Aug/18,76.85,84.29,79.83,79.77,68.32,72.53,72.16,71.1
04/Aug/18,76.7,84.14,79.68,79.62,68.2,72.4,72.03,70.98
03/Aug/18,76.5,83.94,79.46,79.42,68.02,72.21,71.84,70.8
02/Aug/18,76.43,83.87,79.39,79.33,67.93,72.12,71.74,70.69
01/Aug/18,76.31,83.76,79.26,79.2,67.82,72,71.62,70.58
31/Jul/18,76.31,83.76,79.26,79.2,67.82,72,71.62,70.58
30/Jul/18,76.25,83.7,79.2,79.14,67.75,71.93,71.55,70.51
29/Jul/18,76.16,83.61,79.11,79.05,67.62,71.79,71.41,70.37
28/Jul/18,76.16,83.61,79.11,79.05,67.62,71.79,71.41,70.37
27/Jul/18,76.23,83.68,79.18,79.1,67.72,71.89,71.52,70.43
26/Jul/18,76.23,83.68,79.18,79.1,67.79,71.97,71.59,70.48
25/Jul/18,76.23,83.68,79.18,79.1,67.79,71.97,71.59,70.48
24/Jul/18,76.23,83.68,79.18,79.1,67.79,71.97,71.59,70.48
23/Jul/18,76.3,83.75,79.25,79.15,67.89,72.07,71.7,70.56
22/Jul/18,76.37,83.82,79.33,79.2,67.98,72.17,71.79,70.63
21/Jul/18,76.47,83.91,79.43,79.27,68.08,72.28,71.9,70.71
20/Jul/18,76.62,84.06,79.59,79.39,68.23,72.44,72.06,70.84
19/Jul/18,76.78,84.22,79.76,79.51,68.35,72.56,72.19,70.94
18/Jul/18,76.84,84.22,79.76,79.51,68.47,72.65,72.28,71.03
17/Jul/18,76.84,84.22,79.76,79.51,68.47,72.65,72.28,71.03
16/Jul/18,76.84,84.22,79.76,79.51,68.47,72.65,72.28,71.03
15/Jul/18,76.95,84.33,79.87,79.61,68.61,72.8,72.43,71.16
14/Jul/18,76.95,84.33,79.87,79.61,68.61,72.8,72.43,71.16
13/Jul/18,76.76,84.14,79.67,79.42,68.43,72.61,72.24,70.98
12/Jul/18,76.59,83.97,79.49,79.26,68.3,72.47,72.1,70.85
11/Jul/18,76.53,83.91,79.43,79.2,68.23,72.4,72.03,70.78
10/Jul/18,76.53,83.91,79.43,79.2,68.23,72.4,72.03,70.78
09/Jul/18,76.36,83.75,79.25,79.03,68.07,72.23,71.85,70.62
08/Jul/18,76.13,83.52,79.01,78.8,67.86,72,71.63,70.41
07/Jul/18,75.98,83.37,78.85,78.66,67.76,71.9,71.52,70.31
06/Jul/18,75.85,83.24,78.72,78.53,67.66,71.79,71.42,70.21
05/Jul/18,75.71,83.1,78.57,78.39,67.5,71.62,71.24,70.05
04/Jul/18,75.55,82.94,78.4,78.23,67.38,71.49,71.12,69.93
03/Jul/18,75.55,82.94,78.4,78.23,67.38,71.49,71.12,69.93
02/Jul/18,75.55,82.94,78.4,78.23,67.38,71.49,71.12,69.93
01/Jul/18,75.55,82.94,78.4,78.23,67.38,71.49,71.12,69.93
30/Jun/18,75.55,82.99,78.4,78.23,67.38,71.49,71.12,69.93
29/Jun/18,75.55,83.06,78.4,78.23,67.38,71.49,71.12,69.93
28/Jun/18,75.55,83.12,78.4,78.23,67.38,71.52,71.12,69.93
27/Jun/18,75.55,83.12,78.4,78.23,67.38,71.52,71.12,69.93
26/Jun/18,75.55,83.12,78.4,78.23,67.38,71.52,71.12,69.93
25/Jun/18,75.69,83.3,78.55,78.37,67.48,71.66,71.22,70.03
24/Jun/18,75.79,83.44,78.65,78.47,67.54,71.76,71.29,70.09
23/Jun/18,75.93,83.61,78.8,78.61,67.61,71.87,71.36,70.16
22/Jun/18,76.02,83.74,78.89,78.7,67.68,71.99,71.44,70.23
21/Jun/18,76.16,83.92,79.04,78.83,67.68,71.99,71.44,70.23
20/Jun/18,76.27,84.06,79.16,78.94,67.78,72.13,71.54,70.33
19/Jun/18,76.27,84.06,79.16,78.94,67.78,72.13,71.54,70.33
18/Jun/18,76.35,84.18,79.24,79.02,67.78,72.13,71.54,70.33
17/Jun/18,76.35,84.18,79.24,79.02,67.78,72.13,71.54,70.33
16/Jun/18,76.35,84.18,79.24,79.02,67.85,72.24,71.62,70.4
15/Jun/18,76.35,84.18,79.24,79.02,67.85,72.24,71.62,70.4
14/Jun/18,76.43,84.26,79.33,79.1,67.85,72.24,71.62,70.4
13/Jun/18,76.43,84.26,79.33,79.1,67.85,72.24,71.62,70.4
12/Jun/18,76.43,84.26,79.33,79.1,67.85,72.24,71.62,70.4
11/Jun/18,76.58,84.41,79.48,79.25,67.95,72.35,71.73,70.5
10/Jun/18,76.78,84.61,79.69,79.44,68.1,72.51,71.89,70.65
09/Jun/18,77.02,84.84,79.95,79.68,68.28,72.7,72.08,70.83
08/Jun/18,77.42,85.24,80.37,80.07,68.58,73.02,72.4,71.13
07/Jun/18,77.63,85.45,80.59,80.28,68.73,73.17,72.56,71.28
06/Jun/18,77.72,85.54,80.68,80.37,68.8,73.25,72.64,71.35
05/Jun/18,77.83,85.65,80.8,80.47,68.88,73.33,72.72,71.43
04/Jun/18,77.96,85.77,80.94,80.6,68.97,73.43,72.82,71.52
03/Jun/18,78.11,85.92,81.09,80.75,69.11,73.58,72.97,71.66
02/Jun/18,78.2,86.01,81.19,80.84,69.11,73.58,72.97,71.66
01/Jun/18,78.29,86.1,81.28,80.92,69.2,73.67,73.06,71.75
31/May/18,78.35,86.16,81.35,80.98,69.25,73.73,73.12,71.8
30/May/18,78.42,86.23,81.42,81.05,69.3,73.78,73.17,71.85
29/May/18,78.43,86.24,81.43,81.06,69.31,73.79,73.18,71.86
28/May/18,78.27,86.08,81.26,80.91,69.17,73.64,73.03,71.72
27/May/18,78.12,85.93,81.11,80.76,69.06,73.53,72.91,71.61
26/May/18,77.97,85.78,80.95,80.61,68.9,73.36,72.74,71.45
25/May/18,77.83,85.65,80.8,80.47,68.75,73.2,72.58,71.3
24/May/18,77.47,85.29,80.42,80.12,68.53,72.96,72.35,71.08
23/May/18,77.17,84.99,80.11,79.83,68.34,72.76,72.14,70.89
22/May/18,76.87,84.7,79.79,79.53,68.08,72.48,71.87,70.63
21/May/18,76.57,84.4,79.47,79.24,67.82,72.21,71.59,70.37
20/May/18,76.24,84.07,79.13,78.91,67.57,71.94,71.32,70.12
19/May/18,75.91,83.75,78.78,78.59,67.31,71.67,71.04,69.86
18/May/18,75.61,83.45,78.46,78.29,67.08,71.42,70.8,69.63
17/May/18,75.32,83.16,78.16,78.01,66.79,71.12,70.49,69.33
16/May/18,75.1,82.94,77.93,77.79,66.57,70.88,70.25,69.11
15/May/18,74.95,82.79,77.77,77.65,66.36,70.66,70.02,68.9
14/May/18,74.8,82.65,77.61,77.5,66.14,70.43,69.79,68.68
13/May/18,74.63,82.48,77.43,77.32,65.93,70.2,69.56,68.63
12/May/18,74.63,82.48,77.43,77.32,65.93,70.2,69.56,68.63
11/May/18,74.63,82.48,77.43,77.32,65.93,70.2,69.56,68.63
10/May/18,74.63,82.48,77.43,77.32,65.93,70.2,69.56,68.63
09/May/18,74.63,82.48,77.43,77.32,65.93,70.2,69.56,68.63
08/May/18,74.63,82.48,77.43,77.32,65.93,70.2,69.56,68.63
07/May/18,74.63,82.48,77.43,77.32,65.93,70.2,69.56,68.63
06/May/18,74.63,82.48,77.43,77.32,65.93,70.2,69.56,68.63
05/May/18,74.63,82.48,77.43,77.32,65.93,70.2,69.56,68.63
04/May/18,74.63,82.48,77.43,77.32,65.93,70.2,69.56,68.63
03/May/18,74.63,82.48,77.43,77.32,65.93,70.2,69.56,68.63
02/May/18,74.63,82.48,77.43,77.32,65.93,70.2,69.56,68.63
01/May/18,74.63,82.48,77.43,77.32,65.93,70.2,69.56,68.63
30/Apr/18,74.63,82.48,77.43,77.32,65.93,70.2,69.56,68.63
29/Apr/18,74.63,82.48,77.43,77.32,65.93,70.2,69.56,68.63
28/Apr/18,74.63,82.48,77.43,77.32,65.93,70.2,69.56,68.63
27/Apr/18,74.63,82.48,77.43,77.32,65.93,70.2,69.56,68.63
26/Apr/18,74.63,82.48,77.43,77.32,65.93,70.2,69.56,68.63
25/Apr/18,74.63,82.48,77.43,77.32,65.93,70.2,69.56,68.63
24/Apr/18,74.63,82.48,77.43,77.32,65.93,70.2,69.56,68.63
23/Apr/18,74.5,82.35,77.29,77.2,65.75,70.01,69.37,68.45
22/Apr/18,74.4,82.25,77.19,77.1,65.65,69.91,69.27,68.35
21/Apr/18,74.21,82.06,76.99,76.91,65.46,69.7,69.06,68.16
20/Apr/18,74.08,81.93,76.85,76.78,65.31,69.54,68.9,68.01
19/Apr/18,74.07,81.92,76.84,76.77,65.27,69.5,68.86,67.97
18/Apr/18,74.02,81.87,76.79,76.73,65.18,69.41,68.76,67.88
17/Apr/18,74.02,81.87,76.79,76.73,65.18,69.41,68.76,67.88
16/Apr/18,74.02,81.87,76.79,76.73,65.18,69.41,68.76,67.88
15/Apr/18,73.98,81.83,76.75,76.69,65.09,69.31,68.67,67.78
14/Apr/18,73.93,81.79,76.69,76.64,65.01,69.23,68.58,67.7
13/Apr/18,73.91,81.77,76.67,76.62,64.96,69.17,68.53,67.65
12/Apr/18,73.94,81.8,76.71,76.65,64.93,69.14,68.49,67.62
11/Apr/18,73.98,81.83,76.75,76.69,64.96,69.17,68.53,67.65
10/Apr/18,73.98,81.83,76.75,76.69,64.96,69.17,68.53,67.65
09/Apr/18,73.99,81.84,76.76,76.7,64.93,69.14,68.49,67.62
08/Apr/18,74.03,81.88,76.8,76.73,64.96,69.17,68.53,67.65
07/Apr/18,74,81.85,76.77,76.71,64.92,69.13,68.48,67.61
06/Apr/18,73.98,81.83,76.75,76.69,64.88,69.09,68.44,67.57
05/Apr/18,73.98,81.83,76.75,76.69,64.85,69.06,68.41,67.54
04/Apr/18,73.95,81.8,76.72,76.66,64.82,69.02,68.38,67.51
03/Apr/18,73.95,81.8,76.72,76.66,64.82,69.02,68.38,67.51
02/Apr/18,73.83,81.69,76.59,76.54,64.69,68.89,68.24,67.38
01/Apr/18,73.73,81.59,76.48,76.44,64.58,68.77,68.12,67.27
31/Mar/18,73.55,81.41,76.29,76.26,64.4,68.58,67.93,67.09
30/Mar/18,73.31,81.17,76.04,76.03,64.14,68.3,67.65,66.83
29/Mar/18,73.08,80.94,75.8,75.8,63.92,68.07,67.41,66.61
28/Mar/18,72.9,80.77,75.61,75.63,63.77,67.91,67.25,66.46
27/Mar/18,72.9,80.77,75.61,75.63,63.77,67.91,67.25,66.46
26/Mar/18,72.79,80.66,75.49,75.52,63.66,67.79,67.14,66.35
25/Mar/18,72.55,80.42,75.24,75.28,63.43,67.55,66.89,66.12
24/Mar/18,72.38,80.25,75.06,75.11,63.2,67.3,66.64,65.89
23/Mar/18,72.3,80.17,74.98,75.04,63.01,67.1,66.44,65.7
22/Mar/18,72.26,80.13,74.94,75,62.88,66.96,66.3,65.57
21/Mar/18,72.2,80.07,74.87,74.94,62.8,66.88,66.21,65.49
20/Mar/18,72.2,80.07,74.87,74.94,62.8,66.88,66.21,65.49
19/Mar/18,72.19,80.06,74.86,74.93,62.73,66.81,66.14,65.42
18/Mar/18,72.2,80.07,74.87,74.94,62.71,66.78,66.12,65.4
17/Mar/18,72.27,80.14,74.95,75.01,62.74,66.82,66.15,65.43
16/Mar/18,72.37,80.24,75.05,75.1,62.81,66.89,66.23,65.5
15/Mar/18,72.45,80.32,75.14,75.18,62.87,66.95,66.29,65.56
14/Mar/18,72.47,80.34,75.16,75.2,62.85,66.93,66.27,65.54
13/Mar/18,72.47,80.34,75.16,75.2,62.85,66.93,66.27,65.54
12/Mar/18,72.45,80.32,75.14,75.18,62.87,66.95,66.29,65.56
11/Mar/18,72.48,80.35,75.17,75.21,62.89,66.97,66.31,65.58
10/Mar/18,72.46,80.33,75.15,75.19,62.88,66.96,66.3,65.57
09/Mar/18,72.43,80.3,75.12,75.16,62.88,66.96,66.3,65.57
08/Mar/18,72.39,80.26,75.07,75.12,62.91,67,66.33,65.6
07/Mar/18,72.39,80.26,75.07,75.12,62.96,67.05,66.39,65.65
06/Mar/18,72.39,80.26,75.07,75.12,62.96,67.05,66.39,65.65
05/Mar/18,72.32,80.19,75,75.06,62.89,66.97,66.31,65.58
04/Mar/18,72.26,80.13,74.94,75,62.88,66.96,66.3,65.57
03/Mar/18,72,79.87,74.66,74.74,62.69,66.76,66.1,65.38
02/Mar/18,71.75,79.63,74.4,74.5,62.48,66.54,65.87,65.17
01/Mar/18,71.57,79.45,74.21,74.32,62.25,66.3,65.63,64.94
28/Feb/18,71.51,79.39,74.15,74.26,62.15,66.19,65.52,64.84
27/Feb/18,71.51,79.39,74.15,74.26,62.15,66.19,65.52,64.84
26/Feb/18,71.53,79.41,74.17,74.28,62.17,66.21,65.54,64.86
25/Feb/18,71.5,79.38,74.14,74.25,62.12,66.16,65.49,64.81
24/Feb/18,71.52,79.4,74.16,74.27,62.14,66.18,65.51,64.83
23/Feb/18,71.61,79.49,74.25,74.36,62.21,66.25,65.58,64.9
22/Feb/18,71.7,79.58,74.35,74.45,62.29,66.34,65.67,64.98
21/Feb/18,71.72,79.6,74.37,74.44,62.3,66.35,65.68,64.96
20/Feb/18,71.73,79.61,74.38,74.45,62.29,66.34,65.67,64.95
19/Feb/18,71.92,79.8,74.58,74.63,62.44,66.5,65.83,65.1
18/Feb/18,72.07,79.94,74.74,74.78,62.56,66.62,65.96,65.22
17/Feb/18,72.23,80.1,74.91,74.94,62.76,66.84,66.17,65.42
16/Feb/18,72.52,80.39,75.21,75.22,63.02,67.11,66.45,65.68
15/Feb/18,72.79,80.66,75.49,75.49,63.32,67.43,66.77,65.98
14/Feb/18,72.94,80.81,75.65,75.64,63.5,67.62,66.96,66.17
13/Feb/18,72.94,80.81,75.65,75.64,63.5,67.62,66.96,66.17
12/Feb/18,73.01,80.87,75.73,75.7,63.62,67.75,67.09,66.29
11/Feb/18,73.22,81.08,75.95,75.91,63.9,68.05,67.39,66.57
10/Feb/18,73.33,81.19,76.06,76.02,64.05,68.21,67.55,66.72
09/Feb/18,73.35,81.21,76.08,76.04,64.11,68.27,67.62,66.78
08/Feb/18,73.37,81.23,76.11,76.06,64.15,68.31,67.66,66.82
07/Feb/18,73.38,81.24,76.12,76.07,64.22,68.39,67.73,66.89
06/Feb/18,73.38,81.24,76.12,76.07,64.22,68.39,67.73,66.89
05/Feb/18,73.31,81.17,76.04,76,64.14,68.3,67.65,66.81
04/Feb/18,73.16,81.02,75.88,75.85,64.07,68.23,67.57,66.74
03/Feb/18,73.09,80.95,75.81,75.78,64.07,68.23,67.57,66.74
02/Feb/18,73.1,80.96,75.82,75.79,64.11,68.27,67.62,66.78
01/Feb/18,73.05,80.91,75.77,75.74,64.11,68.27,67.62,66.78
31/Jan/18,72.92,80.79,75.63,75.62,64,68.15,67.5,66.67
30/Jan/18,72.92,80.79,75.63,75.62,64,68.15,67.5,66.67
29/Jan/18,72.84,80.71,75.55,75.54,63.93,68.08,67.42,66.6
28/Jan/18,72.77,80.64,75.47,75.47,63.85,67.99,67.34,66.52
27/Jan/18,72.72,80.59,75.42,75.42,63.75,67.89,67.23,66.42
26/Jan/18,72.63,80.5,75.33,75.33,63.65,67.78,67.12,66.32
25/Jan/18,72.49,80.36,75.18,75.19,63.53,67.65,67,66.2
24/Jan/18,72.43,80.3,75.12,75.13,63.38,67.5,66.84,66.04
23/Jan/18,72.38,80.25,75.06,75.09,63.2,67.3,66.64,65.86
22/Jan/18,72.23,80.1,74.91,74.94,63.01,67.1,66.44,65.67
21/Jan/18,72.08,79.95,74.75,74.79,62.83,66.91,66.25,65.49
20/Jan/18,71.89,79.77,74.55,74.6,62.63,66.7,66.03,65.29
19/Jan/18,71.7,79.58,74.35,74.42,62.44,66.5,65.83,65.1
18/Jan/18,71.56,79.44,74.2,74.28,62.25,66.3,65.63,64.91
17/Jan/18,71.39,79.27,74.02,74.11,62.06,66.09,65.42,64.72
16/Jan/18,71.27,79.15,73.89,74,61.88,65.9,65.23,64.54
15/Jan/18,71.18,79.06,73.8,73.91,61.74,65.74,65.08,64.4
14/Jan/18,71.06,78.94,73.67,73.79,61.56,65.53,64.89,64.22
13/Jan/18,70.92,78.81,73.53,73.65,61.38,65.32,64.7,64.04
12/Jan/18,70.73,78.62,73.33,73.47,61.18,65.1,64.48,63.84
11/Jan/18,70.66,78.55,73.25,73.4,60.99,64.88,64.28,63.65
10/Jan/18,70.62,78.51,73.21,73.36,60.81,64.67,64.09,63.47
09/Jan/18,70.53,78.42,73.12,73.27,60.66,64.48,63.92,63.32
08/Jan/18,70.43,78.32,73.01,73.17,60.49,64.28,63.74,63.15
07/Jan/18,70.28,78.17,72.85,73.02,60.31,64.08,63.55,62.97
06/Jan/18,70.13,78.02,72.69,72.88,60.12,63.87,63.35,62.78
05/Jan/18,69.99,77.89,72.55,72.74,59.94,63.67,63.15,62.6
04/Jan/18,69.97,77.87,72.53,72.72,59.89,63.59,63.1,62.55
03/Jan/18,69.97,77.87,72.53,72.72,59.82,63.51,63.03,62.48
02/Jan/18,69.97,77.87,72.53,72.72,59.76,63.43,62.96,62.42
01/Jan/18,69.97,77.87,72.53,72.72,59.7,63.35,62.9,62.36
31/Dec/17,69.97,77.87,72.53,72.72,59.64,63.27,62.83,62.3
30/Dec/17,69.94,77.84,72.49,72.69,59.59,63.19,62.78,62.25
29/Dec/17,69.9,77.8,72.45,72.65,59.56,63.1,62.75,62.22
28/Dec/17,69.81,77.71,72.36,72.56,59.47,62.97,62.65,62.13
27/Dec/17,69.72,77.62,72.26,72.47,59.38,62.85,62.55,62.04
26/Dec/17,69.63,77.53,72.17,72.39,59.31,62.75,62.48,61.97
25/Dec/17,69.65,77.55,72.19,72.4,59.2,62.62,62.36,61.86
24/Dec/17,69.56,77.46,72.09,72.32,59.11,62.51,62.27,61.77
23/Dec/17,69.58,77.48,72.12,72.34,59.02,62.39,62.17,61.68
22/Dec/17,69.5,77.4,72.03,72.26,58.91,62.28,62.05,61.57
21/Dec/17,69.42,77.32,71.95,72.18,58.85,62.16,61.99,61.51
20/Dec/17,69.35,77.25,71.87,72.11,58.75,62.03,61.88,61.41
19/Dec/17,69.27,77.17,71.79,72.03,58.65,61.87,61.77,61.31
18/Dec/17,69.19,77.06,71.7,71.95,58.55,61.75,61.67,61.21
17/Dec/17,69.15,76.99,71.66,71.91,58.48,61.67,61.59,61.14
16/Dec/17,69.13,76.88,71.64,71.89,58.44,61.55,61.55,61.1
15/Dec/17,69.1,76.78,71.61,71.86,58.38,61.43,61.48,61.04
14/Dec/17,69.07,76.69,71.58,71.84,58.33,61.31,61.43,60.99
13/Dec/17,69.07,76.66,71.58,71.84,58.32,61.28,61.42,60.98
12/Dec/17,69.09,76.64,71.6,71.85,58.34,61.26,61.44,61
11/Dec/17,69.12,76.62,71.63,71.88,58.37,61.24,61.47,61.03
10/Dec/17,69.15,76.61,71.66,71.91,58.37,61.21,61.47,61.03
09/Dec/17,69.18,76.62,71.69,71.94,58.41,61.21,61.52,61.07
08/Dec/17,69.19,76.61,71.7,71.95,58.44,61.22,61.55,61.1
07/Dec/17,69.23,76.61,71.75,71.99,58.45,61.2,61.56,61.11
06/Dec/17,69.24,76.6,71.76,72,58.45,61.2,61.56,61.11
05/Dec/17,69.25,76.59,71.77,72.01,58.43,61.17,61.54,61.09
04/Dec/17,69.23,76.56,71.75,71.99,58.44,61.15,61.55,61.1
03/Dec/17,69.23,76.54,71.75,71.99,58.42,61.12,61.53,61.08
02/Dec/17,69.22,76.52,71.74,71.98,58.42,61.1,61.53,61.08
01/Dec/17,69.22,76.52,71.74,71.98,58.4,61.07,61.51,61.06
30/Nov/17,69.24,76.52,71.76,72,58.39,61.05,61.5,61.05
29/Nov/17,69.26,76.52,71.78,72.02,58.37,61.03,61.47,61.03
28/Nov/17,69.26,76.52,71.78,72.02,58.37,61.03,61.47,61.03
27/Nov/17,69.28,76.52,71.8,72.04,58.34,60.99,61.44,61
26/Nov/17,69.32,76.52,71.84,72.08,58.34,60.97,61.44,61
25/Nov/17,69.36,76.52,71.88,72.12,58.33,60.96,61.43,60.99
24/Nov/17,69.41,76.52,71.94,72.17,58.33,60.96,61.43,60.99
23/Nov/17,69.43,76.54,71.96,72.19,58.3,60.93,61.4,60.96
22/Nov/17,69.48,76.58,72.01,72.24,58.3,60.93,61.4,60.96
21/Nov/17,69.53,76.63,72.06,72.29,58.33,60.96,61.43,60.99
20/Nov/17,69.51,76.61,72.04,72.27,58.33,60.96,61.43,60.99
19/Nov/17,69.54,76.64,72.07,72.3,58.31,60.94,61.41,60.97
18/Nov/17,69.57,76.67,72.1,72.33,58.33,60.96,61.43,60.99
17/Nov/17,69.61,76.71,72.15,72.37,58.31,60.94,61.41,60.97
16/Nov/17,69.65,76.75,72.19,72.4,58.31,60.94,61.41,60.97
15/Nov/17,69.68,76.78,72.22,72.43,58.32,60.95,61.42,60.98
14/Nov/17,69.73,76.83,72.27,72.48,58.34,60.97,61.44,61
13/Nov/17,69.78,76.88,72.33,72.53,58.31,60.94,61.41,60.97
12/Nov/17,69.78,76.88,72.33,72.53,58.31,60.94,61.41,60.97
11/Nov/17,69.81,76.91,72.36,72.56,58.31,60.94,61.41,60.97
10/Nov/17,69.85,76.95,72.4,72.6,58.31,60.94,61.41,60.97
09/Nov/17,69.85,76.95,72.4,72.6,58.31,60.94,61.41,60.97
08/Nov/17,69.8,76.9,72.35,72.55,58.26,60.89,61.36,60.92
07/Nov/17,69.8,76.9,72.35,72.55,58.26,60.89,61.36,60.92
06/Nov/17,69.69,76.79,72.23,72.44,58.16,60.78,61.25,60.82
05/Nov/17,69.55,76.65,72.08,72.31,58.08,60.69,61.16,60.74
04/Nov/17,69.47,76.57,72,72.23,58.03,60.64,61.11,60.69
03/Nov/17,69.34,76.45,71.86,72.1,57.93,60.54,61,60.59
02/Nov/17,69.25,76.36,71.77,72.01,57.83,60.43,60.9,60.49
01/Nov/17,69.14,76.25,71.65,71.9,57.73,60.32,60.79,60.39
31/Oct/17,69.13,76.24,71.64,71.9,57.7,60.29,60.76,60.36
30/Oct/17,69.07,76.18,71.58,71.84,57.64,60.23,60.69,60.3
29/Oct/17,68.92,76.03,71.42,71.69,57.51,60.09,60.55,60.17
28/Oct/17,68.84,75.95,71.34,71.61,57.43,60,60.47,60.09
27/Oct/17,68.72,75.83,71.21,71.49,57.28,59.85,60.31,59.94
26/Oct/17,68.65,75.76,71.14,71.43,57.21,59.77,60.23,59.87
25/Oct/17,68.62,75.73,71.1,71.4,57.15,59.71,60.17,59.81
24/Oct/17,68.6,75.71,71.08,71.38,57.12,59.68,60.14,59.78
23/Oct/17,68.6,75.71,71.08,71.38,57.12,59.68,60.14,59.78
22/Oct/17,68.58,75.69,71.06,71.36,57.1,59.65,60.11,59.76
21/Oct/17,68.44,75.56,70.92,71.22,57.01,59.56,60.02,59.67
20/Oct/17,68.4,75.52,70.87,71.18,56.98,59.53,59.99,59.64
19/Oct/17,68.33,75.45,70.8,71.11,56.95,59.5,59.95,59.61
18/Oct/17,68.26,75.38,70.73,71.04,56.87,59.41,59.87,59.53
17/Oct/17,68.26,75.38,70.73,71.04,56.87,59.41,59.87,59.53
16/Oct/17,68.29,75.41,70.76,71.07,56.91,59.45,59.91,59.57
15/Oct/17,68.33,75.45,70.8,71.11,56.94,59.48,59.94,59.6
14/Oct/17,68.38,75.5,70.85,71.16,56.98,59.53,59.99,59.64
13/Oct/17,68.43,75.55,70.9,71.21,57.01,59.56,60.02,59.67
12/Oct/17,68.45,75.57,70.93,71.23,57.01,59.56,60.02,59.67
11/Oct/17,68.48,75.59,70.96,71.26,57.03,59.58,60.04,59.69
10/Oct/17,68.45,77.58,70.93,71.23,57,60.55,60.01,59.66
09/Oct/17,68.45,77.58,70.93,71.23,57,60.55,60.01,59.66
08/Oct/17,68.39,77.52,70.86,71.17,56.96,60.51,59.96,59.62
07/Oct/17,68.35,77.48,70.82,71.13,56.94,60.49,59.94,59.6
06/Oct/17,68.36,77.49,70.83,71.14,56.95,60.5,59.95,59.61
05/Oct/17,68.38,77.51,70.85,71.16,56.9,60.44,59.9,59.56
04/Oct/17,68.38,77.51,70.85,71.16,56.89,60.43,59.89,59.55
03/Oct/17,70.88,79.99,73.48,73.62,59.14,62.82,62.3,61.8
02/Oct/17,70.83,79.94,73.43,73.57,59.07,62.75,62.22,61.73
01/Oct/17,70.76,79.87,73.36,73.5,58.92,62.59,62.06,61.58
30/Sep/17,70.66,79.77,73.25,73.4,58.86,62.53,62,61.52
29/Sep/17,70.56,79.67,73.15,73.3,58.78,62.44,61.91,61.44
28/Sep/17,70.46,79.57,73.04,73.2,58.7,62.36,61.83,61.36
27/Sep/17,70.41,79.52,72.99,73.15,58.68,62.33,61.81,61.34
26/Sep/17,70.41,79.52,72.99,73.15,58.68,62.33,61.81,61.34
25/Sep/17,70.41,79.52,72.99,73.15,58.72,62.38,61.85,61.38
24/Sep/17,70.39,79.5,72.97,73.13,58.72,62.38,61.85,61.38
23/Sep/17,70.42,79.53,73,73.16,58.69,62.35,61.82,61.35
22/Sep/17,70.47,79.58,73.05,73.21,58.69,62.35,61.82,61.35
21/Sep/17,70.52,79.63,73.1,73.26,58.69,62.35,61.82,61.35
20/Sep/17,70.52,79.63,73.1,73.26,58.79,62.45,61.92,61.45
19/Sep/17,70.52,79.63,73.1,73.26,58.85,62.51,61.99,61.51
18/Sep/17,70.51,79.62,73.09,73.25,58.91,62.58,62.05,61.57
17/Sep/17,70.51,79.62,73.09,73.25,58.88,62.55,62.02,61.54
16/Sep/17,70.48,79.59,73.06,73.22,58.84,62.5,61.98,61.5
15/Sep/17,70.43,79.54,73.01,73.17,58.8,62.46,61.93,61.46
14/Sep/17,70.39,79.5,72.97,73.13,58.74,62.4,61.87,61.4
13/Sep/17,70.38,79.48,72.95,73.12,58.72,62.37,61.84,61.37
12/Sep/17,70.38,79.48,72.95,73.12,58.72,62.37,61.84,61.37
11/Sep/17,70.3,79.41,72.87,73.05,58.62,62.26,61.73,61.27
10/Sep/17,70.17,79.28,72.73,72.91,58.37,62,61.46,61.02
09/Sep/17,70.03,79.14,72.58,72.78,58.06,61.67,61.13,60.71
08/Sep/17,69.89,79,72.44,72.64,57.78,61.38,60.84,60.44
07/Sep/17,69.8,78.92,72.34,72.55,57.59,61.18,60.64,60.25
06/Sep/17,69.71,78.82,72.25,72.46,57.46,61.03,60.49,60.11
05/Sep/17,69.71,78.82,72.25,72.46,57.46,61.03,60.49,60.11
04/Sep/17,69.66,78.78,72.2,72.41,57.38,60.95,60.41,60.03
03/Sep/17,69.55,78.67,72.08,72.3,57.28,60.84,60.3,59.93
02/Sep/17,69.43,78.54,71.95,72.18,57.21,60.77,60.23,59.87
01/Sep/17,69.26,78.38,71.78,72.02,57.13,60.68,60.14,59.78
31/Aug/17,69.15,78.28,71.66,71.92,57.05,60.6,60.06,59.71
30/Aug/17,69.12,78.24,71.62,71.88,57.01,60.56,60.02,59.66
29/Aug/17,69.12,78.24,71.62,71.88,57.02,60.56,60.02,59.67
28/Aug/17,69.09,78.22,71.6,71.86,57.03,60.57,60.03,59.68
27/Aug/17,69.06,78.18,71.56,71.82,57.03,60.58,60.04,59.69
26/Aug/17,69.02,78.14,71.52,71.78,56.97,60.51,59.97,59.62
25/Aug/17,69.01,78.13,71.51,71.77,57.02,60.57,60.02,59.67
24/Aug/17,68.88,78,71.37,71.64,57.06,60.61,60.06,59.71
23/Aug/17,68.73,77.86,71.22,71.5,57.05,60.6,60.05,59.7
22/Aug/17,68.67,77.79,71.15,71.44,57.05,60.6,60.06,59.7
21/Aug/17,68.54,77.66,71.01,71.31,57.01,60.55,60.01,59.66
20/Aug/17,68.38,77.51,70.85,71.16,57.07,60.62,60.08,59.72
19/Aug/17,68.37,77.5,70.83,71.14,57.19,60.74,60.2,59.84
18/Aug/17,68.29,77.42,70.76,71.07,57.28,60.85,60.3,59.93
17/Aug/17,68.24,77.37,70.7,71.02,57.39,60.96,60.42,60.04
16/Aug/17,68.14,77.27,70.59,70.92,57.36,60.92,60.38,60.01
15/Aug/17,68.08,77.21,70.53,70.86,57.3,60.86,60.32,59.95
14/Aug/17,67.95,77.09,70.4,70.74,57.25,60.81,60.27,59.9
13/Aug/17,67.76,76.89,70.19,70.55,57.24,60.8,60.26,59.9
12/Aug/17,67.5,76.64,69.92,70.29,57.15,60.7,60.16,59.8
11/Aug/17,67.27,76.41,69.68,70.07,56.98,60.52,59.98,59.63
10/Aug/17,66.96,76.1,69.35,69.78,56.81,60.35,59.8,59.46
09/Aug/17,66.81,75.96,69.2,69.66,56.78,60.32,59.77,59.44
08/Aug/17,66.75,75.89,69.13,69.61,56.72,60.25,59.71,59.38
07/Aug/17,66.66,75.8,69.03,69.54,56.61,60.13,59.59,59.26
06/Aug/17,66.51,75.66,68.88,69.43,56.54,60.06,59.51,59.19
05/Aug/17,66.28,75.43,68.64,69.24,56.33,59.83,59.28,58.98
04/Aug/17,66,75.15,68.34,69.03,56.1,59.59,59.04,58.75
03/Aug/17,65.69,74.85,68.02,68.78,55.85,59.32,58.77,58.5
02/Aug/17,65.47,74.63,67.78,68.61,55.64,59.1,58.55,58.29
01/Aug/17,65.4,74.56,67.71,68.56,55.58,59.04,58.49,58.23
31/Jul/17,65.26,74.58,67.78,68.45,55.5,59.08,58.53,58.25
30/Jul/17,65,74.33,67.51,68.24,55.31,58.87,58.32,58.05
29/Jul/17,64.87,74.2,67.37,68.14,55.19,58.75,58.2,57.94
28/Jul/17,64.69,74.02,67.18,68,55.03,58.58,58.02,57.77
27/Jul/17,64.59,73.92,67.07,67.92,54.94,58.49,57.93,57.69
26/Jul/17,64.57,73.91,67.06,67.91,54.95,58.49,57.94,57.69
25/Jul/17,64.57,73.9,67.05,67.91,54.95,58.5,57.94,57.7
24/Jul/17,64.53,73.87,67.01,67.88,54.94,58.48,57.93,57.68
23/Jul/17,64.4,73.74,66.88,67.77,54.93,58.48,57.92,57.68
22/Jul/17,64.3,73.63,66.77,67.69,54.95,58.49,57.94,57.69
21/Jul/17,64.28,73.61,66.75,67.68,55.02,58.57,58.02,57.77
20/Jul/17,64.25,73.59,66.72,67.66,55.05,58.6,58.05,57.8
19/Jul/17,64.21,73.54,66.67,67.62,55.04,58.59,58.04,57.78
18/Jul/17,64.21,73.54,66.67,67.62,55.04,58.59,58.04,57.79
17/Jul/17,64.15,73.49,66.61,67.58,54.99,58.54,57.98,57.74
16/Jul/17,64.11,73.45,66.57,67.55,54.93,58.47,57.92,57.67
15/Jul/17,64.03,73.37,66.49,67.48,54.85,58.39,57.83,57.59
14/Jul/17,63.89,73.23,66.34,67.37,54.66,58.19,57.63,57.41
13/Jul/17,63.91,73.25,66.36,67.38,54.7,58.22,57.67,57.44
12/Jul/17,63.93,73.27,66.38,67.4,54.74,58.27,57.72,57.49
11/Jul/17,63.93,73.27,66.38,67.4,54.74,58.27,57.72,57.49
10/Jul/17,63.83,75.04,66.25,66.73,54.55,59.93,57.44,56.85
09/Jul/17,63.65,74.86,66.05,66.58,54.32,59.69,57.19,56.61
08/Jul/17,63.46,74.67,65.86,66.44,54.06,59.41,56.91,56.35
07/Jul/17,63.33,74.54,65.72,66.33,53.82,59.15,56.65,56.11
06/Jul/17,63.19,74.41,65.58,66.23,53.61,58.93,56.43,55.9
05/Jul/17,63.08,74.3,65.46,66.14,53.44,58.76,56.25,55.74
04/Jul/17,63.08,74.3,65.46,66.14,53.44,58.76,56.25,55.74
03/Jul/17,63.13,74.35,65.51,66.18,53.47,58.79,56.29,55.77
02/Jul/17,63.06,74.28,65.44,66.12,53.36,58.67,56.17,55.66
01/Jul/17,63.09,74.3,65.46,66.14,53.33,58.63,56.13,55.62
30/Jun/17,63.31,74.56,65.74,66.32,53.46,58.8,56.3,55.61
29/Jun/17,63.47,74.71,65.9,66.45,53.53,58.88,56.38,55.68
28/Jun/17,63.46,74.71,65.9,66.45,53.53,58.88,56.38,55.68
27/Jun/17,63.46,74.71,65.89,66.44,53.53,58.89,56.38,55.69
26/Jun/17,63.55,74.79,65.98,66.51,53.53,58.88,56.38,55.69
25/Jun/17,63.71,74.95,66.15,66.64,53.61,58.97,56.47,55.77
24/Jun/17,63.99,75.23,66.45,66.86,53.76,59.13,56.63,55.92
23/Jun/17,64.23,75.46,66.7,67.04,53.85,59.23,56.73,56.01
22/Jun/17,64.44,75.68,66.93,67.21,53.94,59.32,56.82,56.09
21/Jun/17,64.55,75.79,67.04,67.3,53.96,59.34,56.84,56.12
20/Jun/17,64.55,75.78,67.04,67.3,53.96,59.34,56.85,56.12
19/Jun/17,64.65,75.88,67.14,67.37,54.01,59.39,56.89,56.16
18/Jun/17,64.91,76.14,67.42,67.58,54.14,59.53,57.03,56.29
17/Jun/17,65.23,76.46,67.76,67.84,54.32,59.73,57.23,56.48
16/Jun/17,65.48,76.7,68.02,68.03,54.49,59.9,57.41,56.65
